aX,aY,aZ,gX,gY,gZ,,aX,aY,aZ,gX,gY,gZ
-0.132,-0.32,2.551,-270.081,-47.058,22.888,,-0.132,-0.32,2.551,-270.081,-47.058,22.888
-0.04,-0.374,2.839,-234.558,-42.053,26.917,,-0.04,-0.374,2.839,-234.558,-42.053,26.917
0.071,-0.431,3.038,-198.914,-41.687,18.433,,0.071,-0.431,3.038,-198.914,-41.687,18.433
0.134,-0.518,3.024,-166.199,-34.424,5.92,,0.134,-0.518,3.024,-166.199,-34.424,5.92
0.145,-0.618,2.92,-125.244,-13.733,-3.357,,0.145,-0.618,2.92,-125.244,-13.733,-3.357
0.115,-0.7,2.653,-75.134,13.855,-9.216,,0.115,-0.7,2.653,-75.134,13.855,-9.216
0.028,-0.665,2.233,-23.682,39.185,-12.939,,0.028,-0.665,2.233,-23.682,39.185,-12.939
-0.07,-0.606,1.737,18.25,53.65,-16.052,,-0.07,-0.606,1.737,18.25,53.65,-16.052
-0.205,-0.559,1.249,44.067,48.828,-18.433,,-0.205,-0.559,1.249,44.067,48.828,-18.433
-0.286,-0.572,0.834,52.185,25.757,-19.47,,-0.286,-0.572,0.834,52.185,25.757,-19.47
-0.307,-0.623,0.496,48.401,-7.568,-18.433,,-0.307,-0.623,0.496,48.401,-7.568,-18.433
-0.272,-0.68,0.226,40.466,-37.781,-16.296,,-0.272,-0.68,0.226,40.466,-37.781,-16.296
-0.214,-0.717,0.078,32.471,-56.58,-13.794,,-0.214,-0.717,0.078,32.471,-56.58,-13.794
-0.161,-0.749,0.024,24.231,-59.814,-11.597,,-0.161,-0.749,0.024,24.231,-59.814,-11.597
-0.11,-0.751,0.059,14.954,-48.401,-11.047,,-0.11,-0.751,0.059,14.954,-48.401,-11.047
-0.107,-0.74,0.15,5.371,-28.442,-11.597,,-0.107,-0.74,0.15,5.371,-28.442,-11.597
-0.147,-0.738,0.32,-5.005,-8.057,-12.451,,-0.147,-0.738,0.32,-5.005,-8.057,-12.451
-0.199,-0.746,0.513,-13.428,7.996,-12.024,,-0.199,-0.746,0.513,-13.428,7.996,-12.024
-0.245,-0.755,0.697,-17.151,18.066,-9.827,,-0.245,-0.755,0.697,-17.151,18.066,-9.827
-0.274,-0.762,0.842,-15.625,20.691,-5.493,,-0.274,-0.762,0.842,-15.625,20.691,-5.493
-0.292,-0.758,0.929,-10.986,14.893,-1.709,,-0.292,-0.758,0.929,-10.986,14.893,-1.709
-0.286,-0.751,0.988,-4.333,4.028,0.977,,-0.286,-0.751,0.988,-4.333,4.028,0.977
-0.264,-0.74,0.998,3.174,-4.7,3.54,,-0.264,-0.74,0.998,3.174,-4.7,3.54
-0.231,-0.717,0.961,11.108,-10.132,5.859,,-0.231,-0.717,0.961,11.108,-10.132,5.859
-0.203,-0.698,0.886,16.968,-12.024,7.385,,-0.203,-0.698,0.886,16.968,-12.024,7.385
-0.181,-0.683,0.818,19.958,-10.254,6.958,,-0.181,-0.683,0.818,19.958,-10.254,6.958
-0.163,-0.685,0.748,20.447,-6.531,5.432,,-0.163,-0.685,0.748,20.447,-6.531,5.432
-0.156,-0.696,0.681,19.47,-2.502,3.052,,-0.156,-0.696,0.681,19.47,-2.502,3.052
-0.154,-0.717,0.626,18.372,1.282,1.16,,-0.154,-0.717,0.626,18.372,1.282,1.16
-0.155,-0.737,0.571,17.639,4.456,0.671,,-0.155,-0.737,0.571,17.639,4.456,0.671
-0.16,-0.753,0.526,16.907,5.493,1.099,,-0.16,-0.753,0.526,16.907,5.493,1.099
-0.167,-0.766,0.5,15.869,5.31,1.892,,-0.167,-0.766,0.5,15.869,5.31,1.892
-0.175,-0.754,0.492,14.16,3.418,2.502,,-0.175,-0.754,0.492,14.16,3.418,2.502
-0.173,-0.74,0.51,10.62,-1.038,1.892,,-0.173,-0.74,0.51,10.62,-1.038,1.892
-0.167,-0.739,0.537,4.822,-6.042,0.427,,-0.167,-0.739,0.537,4.822,-6.042,0.427
-0.153,-0.742,0.561,-0.854,-10.193,-1.282,,-0.153,-0.742,0.561,-0.854,-10.193,-1.282
-0.137,-0.736,0.575,-4.822,-11.292,-2.625,,-0.137,-0.736,0.575,-4.822,-11.292,-2.625
-0.125,-0.739,0.592,-8.362,-8.789,-3.54,,-0.125,-0.739,0.592,-8.362,-8.789,-3.54
-0.123,-0.748,0.624,-10.681,-5.005,-4.7,,-0.123,-0.748,0.624,-10.681,-5.005,-4.7
-0.129,-0.75,0.643,-11.353,-2.197,-5.737,,-0.129,-0.75,0.643,-11.353,-2.197,-5.737
-0.139,-0.747,0.666,-10.559,0.244,-5.981,,-0.139,-0.747,0.666,-10.559,0.244,-5.981
-0.159,-0.741,0.691,-8.789,3.113,-5.493,,-0.159,-0.741,0.691,-8.789,3.113,-5.493
-0.187,-0.738,0.713,-6.653,5.493,-5.005,,-0.187,-0.738,0.713,-6.653,5.493,-5.005
-0.202,-0.735,0.727,-4.272,4.7,-4.028,,-0.202,-0.735,0.727,-4.272,4.7,-4.028
-0.203,-0.729,0.731,-2.563,1.343,-2.625,,-0.203,-0.729,0.731,-2.563,1.343,-2.625
-0.187,-0.724,0.728,-1.465,-2.502,-1.831,,-0.187,-0.724,0.728,-1.465,-2.502,-1.831
-0.162,-0.717,0.712,-1.038,-5.92,-2.075,,-0.162,-0.717,0.712,-1.038,-5.92,-2.075
-0.143,-0.709,0.69,-1.16,-8.118,-2.808,,-0.143,-0.709,0.69,-1.16,-8.118,-2.808
-0.128,-0.707,0.673,-1.648,-7.324,-3.906,,-0.128,-0.707,0.673,-1.648,-7.324,-3.906
-0.132,-0.711,0.649,-1.587,-4.761,-4.639,,,,,,,
-0.151,-0.714,0.647,0.061,-2.563,-4.15,,,,,,,
-0.16,-0.705,0.646,2.686,-1.282,-2.319,,,,,,,
-0.169,-0.704,0.641,4.944,-0.244,0.305,,,,,,,
-0.168,-0.706,0.635,6.226,0.671,3.174,,,,,,,
-0.159,-0.715,0.632,6.714,0.732,4.822,,,,,,,
-0.145,-0.731,0.624,7.141,0.732,5.249,,,,,,,
-0.137,-0.74,0.621,8.24,0.916,5.798,,,,,,,
-0.147,-0.742,0.615,9.094,1.16,5.249,,,,,,,
-0.157,-0.742,0.615,9.338,1.282,3.113,,,,,,,
-0.165,-0.741,0.621,8.423,0.977,1.343,,,,,,,
-0.165,-0.746,0.628,7.385,1.038,0.671,,,,,,,
-0.16,-0.755,0.637,6.714,2.38,0,,,,,,,
-0.159,-0.755,0.647,6.653,4.7,0.122,,,,,,,
-0.159,-0.759,0.661,7.446,6.653,0.854,,,,,,,
-0.161,-0.761,0.666,8.728,7.446,2.563,,,,,,,
-0.166,-0.744,0.665,10.437,6.775,3.967,,,,,,,
-0.168,-0.737,0.665,10.254,4.333,4.272,,,,,,,
-0.164,-0.735,0.668,8.362,2.136,3.723,,,,,,,
-0.162,-0.738,0.665,6.836,1.221,2.808,,,,,,,
-0.16,-0.735,0.667,5.981,1.77,1.892,,,,,,,
-0.157,-0.742,0.675,5.432,1.709,1.16,,,,,,,
-0.159,-0.756,0.678,5.615,1.648,1.343,,,,,,,
-0.151,-0.766,0.688,7.69,1.587,2.625,,,,,,,
-0.143,-0.757,0.685,10.681,0.061,3.54,,,,,,,
-0.133,-0.747,0.678,12.451,-1.77,3.54,,,,,,,
-0.122,-0.732,0.67,13.123,-2.197,3.357,,,,,,,
-0.124,-0.721,0.671,12.634,-1.648,2.747,,,,,,,
-0.125,-0.718,0.677,11.169,-0.488,1.099,,,,,,,
-0.133,-0.726,0.68,9.766,1.099,-0.427,,,,,,,
-0.147,-0.731,0.669,9.338,2.808,-1.221,,,,,,,
-0.16,-0.744,0.664,9.644,3.296,-1.099,,,,,,,
-0.171,-0.761,0.668,11.23,3.174,0.061,,,,,,,
-0.175,-0.763,0.668,14.038,2.38,1.587,,,,,,,
-0.179,-0.763,0.669,16.663,0.977,2.747,,,,,,,
-0.176,-0.754,0.676,19.043,-0.549,3.601,,,,,,,
-0.173,-0.734,0.669,19.958,-2.808,3.906,,,,,,,
-0.162,-0.724,0.662,18.616,-4.211,2.686,,,,,,,
-0.16,-0.728,0.67,16.479,-3.723,1.343,,,,,,,
-0.151,-0.743,0.683,15.015,-1.465,0.427,,,,,,,
-0.154,-0.758,0.684,14.709,0.732,0,,,,,,,
-0.157,-0.768,0.681,16.052,2.502,0.183,,,,,,,
-0.157,-0.773,0.676,18.188,2.625,0.977,,,,,,,
-0.15,-0.778,0.673,20.508,0.366,1.526,,,,,,,
-0.136,-0.763,0.66,22.522,-2.319,1.709,,,,,,,
-0.121,-0.757,0.643,23.56,-3.296,2.014,,,,,,,
-0.107,-0.755,0.616,23.437,-1.831,1.648,,,,,,,
-0.098,-0.759,0.597,22.888,1.221,0.671,,,,,,,
-0.107,-0.773,0.574,21.973,5.676,-0.427,,,,,,,
-0.133,-0.79,0.557,21.729,8.911,-0.488,,,,,,,
-0.157,-0.801,0.557,22.339,7.812,0.854,,,,,,,
-0.165,-0.801,0.546,22.583,3.418,2.686,,,,,,,
-0.163,-0.802,0.538,21.24,-1.648,3.662,,,,,,,
-0.159,-0.808,0.552,19.348,-3.723,4.333,,,,,,,
-0.164,-0.817,0.574,18.433,-2.441,5.066,,,,,,,
-0.166,-0.819,0.596,18.311,-0.244,5.554,,,,,,,
-0.161,-0.81,0.629,18.738,0.549,5.005,,,,,,,
-0.157,-0.807,0.647,19.165,1.038,4.272,,,,,,,
-0.143,-0.813,0.653,19.653,2.991,4.211,,,,,,,
-0.135,-0.814,0.662,20.813,4.7,3.784,,,,,,,
-0.124,-0.81,0.659,22.4,6.531,2.93,,,,,,,
-0.117,-0.811,0.652,24.292,8.179,2.502,,,,,,,
-0.119,-0.812,0.664,26.611,9.766,2.258,,,,,,,
-0.12,-0.811,0.665,29.541,11.353,3.052,,,,,,,
-0.123,-0.801,0.662,32.349,11.719,3.296,,,,,,,
-0.13,-0.793,0.688,34.058,10.803,2.38,,,,,,,
-0.141,-0.803,0.732,35.95,11.719,1.77,,,,,,,
-0.147,-0.806,0.749,38.757,13.245,2.014,,,,,,,
-0.141,-0.802,0.765,42.786,13.367,1.831,,,,,,,
-0.141,-0.797,0.763,46.692,13.428,0.854,,,,,,,
-0.245,0.5,-2.067,-150.391,-64.514,-7.751,,,,,,,
-0.233,0.607,-2.109,-169.739,-66.956,-9.094,,,,,,,
-0.204,0.704,-2.138,-192.627,-66.711,-10.681,,,,,,,
-0.188,0.773,-2.125,-216.309,-66.284,-12.939,,,,,,,
-0.176,0.829,-2.15,-240.906,-68.176,-16.479,,,,,,,
-0.159,0.888,-2.158,-262.939,-78.857,-21.667,,,,,,,
-0.149,0.953,-2.168,-282.715,-93.384,-29.114,,,,,,,
-0.136,0.998,-2.182,-301.941,-101.624,-33.752,,,,,,,
-0.131,1.024,-2.128,-321.167,-98.572,-34.607,,,,,,,
-0.127,1.046,-2.024,-343.384,-83.679,-35.156,,,,,,,
-0.124,1.038,-1.856,-368.103,-61.157,-35.767,,,,,,,
-0.133,0.984,-1.613,-395.203,-37.354,-36.438,,,,,,,
-0.134,0.893,-1.331,-421.143,-15.808,-39.063,,,,,,,
-0.125,0.788,-1.011,-440.125,2.625,-42.236,,,,,,,
-0.121,0.683,-0.685,-447.998,25.94,-39.856,,,,,,,
-0.124,0.575,-0.396,-446.716,57.19,-29.907,,,,,,,
-0.132,0.498,-0.136,-441.04,86.67,-16.968,,,,,,,
-0.17,0.439,0.065,-433.838,103.516,-2.991,,,,,,,
-0.181,0.39,0.256,-425.781,106.812,13.367,,,,,,,
-0.179,0.364,0.437,-416.321,99.304,28.32,,,,,,,
-0.154,0.339,0.531,-408.081,80.505,35.095,,,,,,,
-0.084,0.269,0.585,-403.32,51.453,36.255,,,,,,,
-0.008,0.213,0.586,-397.156,22.278,37.354,,,,,,,
0.08,0.202,0.598,-386.292,-1.465,36.804,,,,,,,
0.156,0.204,0.628,-377.136,-19.714,30.273,,,,,,,
0.245,0.239,0.684,-373.108,-28.015,21.423,,,,,,,
0.286,0.261,0.855,-372.986,-22.888,12.634,,,,,,,
0.312,0.229,1.063,-371.948,-4.028,5.432,,,,,,,
0.288,0.179,1.317,-364.563,20.142,1.465,,,,,,,
0.257,0.139,1.625,-348.145,40.649,0.671,,,,,,,
0.197,0.087,1.935,-325.073,53.04,2.869,,,,,,,
0.161,0.027,2.184,-297.791,60.12,4.639,,,,,,,
0.078,-0.05,2.409,-268.188,58.167,4.089,,,,,,,
0.026,-0.114,2.529,-239.197,48.889,1.282,,,,,,,
-0.012,-0.137,2.644,-211.67,30.884,-3.113,,,,,,,
-0.001,-0.158,2.793,-187.317,9.583,-6.348,,,,,,,
0.031,-0.304,2.836,-165.955,-8.85,-8.24,,,,,,,
0.07,-0.469,2.729,-138.428,-26.55,-10.254,,,,,,,
0.071,-0.548,2.503,-97.717,-41.87,-16.113,,,,,,,
0.068,-0.566,2.099,-54.016,-44.128,-23.743,,,,,,,
0.017,-0.57,1.665,-15.625,-32.349,-25.879,,,,,,,
-0.044,-0.59,1.291,13.489,-15.747,-23.437,,,,,,,
-0.1,-0.618,0.972,31.372,-7.202,-18.799,,,,,,,
-0.121,-0.641,0.712,38.635,-12.451,-15.259,,,,,,,
-0.1,-0.677,0.517,37.292,-25.94,-13.184,,,,,,,
-0.065,-0.709,0.384,30.762,-38.635,-11.292,,,,,,,
-0.04,-0.739,0.347,23.682,-44.434,-9.46,,,,,,,
-0.02,-0.76,0.366,17.395,-42.48,-9.277,,,,,,,
-0.012,-0.769,0.388,12.451,-34.851,-10.071,,,,,,,
-0.024,-0.779,0.444,9.033,-24.841,-11.292,,,,,,,
-0.054,-0.79,0.507,7.69,-12.695,-11.536,,,,,,,
-0.084,-0.789,0.567,8.606,-1.16,-9.583,,,,,,,
-0.11,-0.768,0.624,10.803,7.629,-6.531,,,,,,,
-0.149,-0.754,0.663,12.146,12.634,-3.723,,,,,,,
-0.169,-0.739,0.709,12.39,12.939,-2.197,,,,,,,
-0.176,-0.72,0.749,11.292,8.911,-1.892,,,,,,,
-0.179,-0.711,0.763,8.728,3.967,-1.892,,,,,,,
-0.174,-0.708,0.763,6.409,0.549,-2.197,,,,,,,
-0.162,-0.718,0.757,5.066,-1.221,-2.502,,,,,,,
-0.156,-0.734,0.758,6.042,-1.831,-2.808,,,,,,,
-0.155,-0.753,0.729,8.911,-2.319,-1.953,,,,,,,
-0.149,-0.75,0.682,13.489,-3.601,0.61,,,,,,,
-0.129,-0.738,0.651,17.578,-5.737,2.686,,,,,,,
-0.11,-0.734,0.612,18.799,-8.606,2.93,,,,,,,
-0.095,-0.723,0.578,17.7,-9.888,2.686,,,,,,,
-0.086,-0.717,0.555,15.259,-8.179,2.38,,,,,,,
-0.082,-0.723,0.552,11.658,-5.31,0.366,,,,,,,
-0.085,-0.737,0.548,7.141,-2.93,-2.38,,,,,,,
-0.088,-0.757,0.552,3.357,-1.343,-4.395,,,,,,,
-0.102,-0.77,0.565,1.282,-0.122,-4.7,,,,,,,
-0.118,-0.783,0.581,1.648,0.977,-3.418,,,,,,,
-0.139,-0.779,0.609,3.601,0.854,-1.831,,,,,,,
-0.16,-0.773,0.626,5.432,-1.16,-1.038,,,,,,,
-0.166,-0.753,0.633,6.287,-3.479,-0.854,,,,,,,
-0.17,-0.732,0.63,5.615,-4.944,-1.038,,,,,,,
-0.169,-0.737,0.628,3.052,-4.7,-0.793,,,,,,,
-0.164,-0.752,0.635,0.488,-4.333,-0.732,,,,,,,
-0.16,-0.763,0.645,-1.038,-4.15,-1.099,,,,,,,
-0.154,-0.772,0.642,-1.343,-4.395,-1.465,,,,,,,
-0.147,-0.776,0.641,-0.671,-4.028,-1.404,,,,,,,
-0.146,-0.782,0.648,0.977,-2.686,-0.427,,,,,,,
-0.145,-0.773,0.653,3.357,-0.366,0.977,,,,,,,
-0.146,-0.759,0.652,5.981,0.305,1.648,,,,,,,
-0.147,-0.739,0.638,7.385,0.244,2.014,,,,,,,
-0.139,-0.731,0.624,6.836,0.366,2.747,,,,,,,
-0.138,-0.727,0.611,4.211,0.122,2.197,,,,,,,
-0.133,-0.733,0.602,0.671,-1.038,0.854,,,,,,,
-0.127,-0.751,0.597,-2.625,-2.686,-0.427,,,,,,,
-0.12,-0.764,0.594,-4.456,-4.028,-1.038,,,,,,,
-0.115,-0.766,0.59,-4.883,-4.517,-1.404,,,,,,,
-0.11,-0.77,0.584,-4.822,-3.357,-1.282,,,,,,,
-0.109,-0.774,0.587,-3.906,-1.221,-0.732,,,,,,,
-0.109,-0.776,0.597,-2.625,1.343,-0.061,,,,,,,
-0.113,-0.773,0.608,-1.465,4.333,0.305,,,,,,,
-0.121,-0.765,0.61,0,7.996,0.427,,,,,,,
-0.123,-0.751,0.622,0.854,10.254,-0.061,,,,,,,
-0.136,-0.743,0.636,0.366,10.864,-0.366,,,,,,,
-0.139,-0.746,0.659,-0.61,9.033,-0.305,,,,,,,
-0.135,-0.756,0.666,-1.648,4.517,-0.61,,,,,,,
-0.131,-0.759,0.673,-1.465,0.061,-0.916,,,,,,,
-0.125,-0.756,0.681,-0.244,-1.831,-0.732,,,,,,,
-0.134,-0.753,0.674,0.793,-2.075,0.183,,,,,,,
-0.134,-0.746,0.666,1.831,-1.465,0.916,,,,,,,
-0.124,-0.738,0.653,2.319,0.122,1.038,,,,,,,
-0.113,-0.73,0.637,1.587,2.441,0.366,,,,,,,
-0.113,-0.73,0.628,0.305,5.493,-0.427,,,,,,,
-0.11,-0.734,0.634,-0.549,7.019,-0.916,,,,,,,
-0.105,-0.74,0.629,-1.587,5.676,-1.404,,,,,,,
-0.108,-0.751,0.622,-1.892,3.723,-1.465,,,,,,,
-0.106,-0.761,0.623,-0.61,2.563,-1.16,,,,,,,
-0.106,-0.757,0.626,1.038,1.831,-1.16,,,,,,,
-0.106,-0.752,0.631,2.197,2.136,-1.587,,,,,,,
-0.113,-0.749,0.65,3.357,3.845,-1.892,,,,,,,
-0.126,-0.743,0.663,4.639,5.127,-2.197,,,,,,,
-0.134,-0.733,0.665,5.249,5.493,-2.502,,,,,,,
-0.153,-0.724,0.661,4.883,4.7,-2.197,,,,,,,
-0.161,-0.734,0.659,3.296,2.563,-1.831,,,,,,,
-0.158,-0.753,0.656,1.709,-0.061,-1.465,,,,,,,
-0.153,-0.764,0.654,1.648,-1.404,-0.61,,,,,,,
-0.225,0.544,-2.026,-180.664,-40.283,-20.325,,,,,,,
-0.196,0.631,-2.05,-205.383,-41.016,-22.461,,,,,,,
-0.171,0.671,-2.086,-232.91,-40.039,-25.94,,,,,,,
-0.178,0.676,-2.068,-258.728,-39.978,-29.724,,,,,,,
-0.196,0.616,-2.071,-283.02,-39.734,-34.241,,,,,,,
-0.229,0.584,-2.069,-304.871,-39.124,-37.964,,,,,,,
-0.27,0.648,-2.051,-321.533,-36.682,-39.856,,,,,,,
-0.334,0.763,-2.01,-331.848,-29.968,-35.767,,,,,,,
-0.419,0.892,-1.968,-341.919,-19.47,-26.001,,,,,,,
-0.484,1,-1.98,-356.628,-20.752,-15.32,,,,,,,
-0.472,1.143,-2.014,-372.559,-41.199,-7.874,,,,,,,
-0.427,1.245,-1.976,-391.602,-67.444,-7.568,,,,,,,
-0.376,1.276,-1.899,-421.326,-78.979,-13.611,,,,,,,
-0.283,1.155,-1.734,-453.918,-70.557,-20.386,,,,,,,
-0.198,0.926,-1.431,-484.436,-48.157,-24.963,,,,,,,
-0.132,0.69,-1.046,-506.409,-17.822,-26.794,,,,,,,
-0.078,0.542,-0.584,-507.874,14.954,-27.283,,,,,,,
-0.016,0.442,-0.168,-494.263,50.72,-28.748,,,,,,,
-0.032,0.311,0.173,-473.511,88.44,-22.034,,,,,,,
-0.075,0.255,0.342,-446.228,125.305,-1.038,,,,,,,
-0.127,0.294,0.418,-416.321,144.531,23.376,,,,,,,
-0.153,0.403,0.426,-398.56,136.963,38.757,,,,,,,
-0.118,0.51,0.434,-397.095,109.253,42.664,,,,,,,
0.009,0.62,0.568,-409.668,77.637,40.466,,,,,,,
0.083,0.633,0.885,-431.091,57.068,33.081,,,,,,,
0.171,0.456,1.299,-443.176,56.274,26.184,,,,,,,
0.264,0.234,1.614,-430.42,66.04,27.771,,,,,,,
0.335,0.083,1.855,-390.93,67.688,34.302,,,,,,,
0.382,0.051,1.874,-343.567,57.251,35.767,,,,,,,
0.374,0.123,1.786,-300.171,41.809,34.241,,,,,,,
0.354,0.201,1.746,-267.151,25.879,33.386,,,,,,,
0.314,0.219,1.709,-250.366,8.972,30.579,,,,,,,
0.296,0.164,1.687,-242.981,-8.728,22.766,,,,,,,
0.28,0.085,1.695,-236.084,-25.574,11.108,,,,,,,
0.273,0.011,1.704,-226.379,-35.522,-0.732,,,,,,,
0.25,-0.066,1.692,-212.585,-36.926,-11.23,,,,,,,
0.191,-0.128,1.69,-194.763,-31.982,-22.217,,,,,,,
0.094,-0.151,1.741,-172.913,-19.104,-32.776,,,,,,,
-0.032,-0.157,1.788,-148.499,0,-38.33,,,,,,,
-0.138,-0.156,1.867,-123.291,15.442,-36.072,,,,,,,
-0.206,-0.208,1.932,-100.525,17.639,-30.64,,,,,,,
-0.224,-0.274,1.886,-80.017,6.836,-24.414,,,,,,,
-0.203,-0.332,1.755,-58.899,-11.292,-18.066,,,,,,,
-0.151,-0.353,1.58,-39.612,-30.762,-12.207,,,,,,,
-0.115,-0.37,1.393,-24.597,-46.753,-7.141,,,,,,,
-0.097,-0.418,1.209,-15.259,-58.289,-5.066,,,,,,,
-0.075,-0.472,1.049,-9.46,-65.063,-5.981,,,,,,,
-0.064,-0.501,0.92,-5.676,-66.04,-7.69,,,,,,,
-0.055,-0.531,0.82,-4.333,-59.509,-10.864,,,,,,,
-0.07,-0.57,0.75,-4.639,-45.471,-14.282,,,,,,,
-0.092,-0.617,0.732,-3.54,-27.588,-15.869,,,,,,,
-0.132,-0.632,0.733,-0.366,-11.597,-13.733,,,,,,,
-0.168,-0.625,0.748,3.296,-4.761,-9.644,,,,,,,
-0.198,-0.597,0.758,3.113,-8.484,-6.348,,,,,,,
-0.212,-0.583,0.766,0.244,-18.372,-4.578,,,,,,,
-0.218,-0.562,0.785,-2.747,-28.687,-2.441,,,,,,,
-0.206,-0.547,0.809,-5.676,-36.133,-0.793,,,,,,,
-0.188,-0.539,0.82,-8.362,-39.612,0.061,,,,,,,
-0.175,-0.536,0.821,-10.193,-38.269,-1.282,,,,,,,
-0.169,-0.53,0.829,-10.62,-32.227,-3.54,,,,,,,
-0.177,-0.536,0.841,-9.949,-23.56,-5.31,,,,,,,
-0.185,-0.554,0.854,-8.667,-14.099,-6.165,,,,,,,
-0.193,-0.571,0.869,-5.31,-5.798,-6.287,,,,,,,
-0.199,-0.569,0.865,-0.061,1.648,-5.371,,,,,,,
-0.206,-0.563,0.844,5.981,8.911,-4.028,,,,,,,
-0.22,-0.538,0.836,11.536,14.404,-2.93,,,,,,,
-0.247,-0.517,0.815,14.099,14.648,-1.465,,,,,,,
-0.261,-0.509,0.792,12.878,8.911,0.122,,,,,,,
-0.259,-0.51,0.785,9.094,-1.221,1.709,,,,,,,
-0.241,-0.527,0.775,5.066,-10.254,2.38,,,,,,,
-0.213,-0.548,0.76,2.258,-15.442,2.563,,,,,,,
-0.189,-0.558,0.751,1.343,-15.015,2.075,,,,,,,
-0.174,-0.569,0.749,1.648,-9.583,1.221,,,,,,,
-0.184,-0.588,0.759,3.113,-2.319,0.427,,,,,,,
-0.2,-0.594,0.778,5.981,4.089,0.854,,,,,,,
-0.213,-0.592,0.79,9.277,6.653,1.709,,,,,,,
-0.222,-0.577,0.793,11.719,6.042,3.296,,,,,,,
-0.224,-0.547,0.798,12.39,3.235,4.761,,,,,,,
-0.222,-0.537,0.795,9.644,-0.305,4.944,,,,,,,
-0.215,-0.535,0.789,5.432,-3.906,3.967,,,,,,,
-0.22,-0.532,0.8,1.099,-6.592,2.319,,,,,,,
-0.218,-0.555,0.805,-2.686,-6.47,0.732,,,,,,,
-0.224,-0.584,0.807,-4.7,-4.822,0.122,,,,,,,
-0.227,-0.595,0.823,-3.235,-3.174,0.671,,,,,,,
-0.22,-0.584,0.818,-1.221,-1.892,1.648,,,,,,,
-0.22,-0.572,0.81,0.488,-1.16,2.625,,,,,,,
-0.212,-0.559,0.801,1.465,-0.122,3.418,,,,,,,
-0.204,-0.546,0.792,1.221,0.183,3.479,,,,,,,
-0.201,-0.54,0.78,-0.61,-0.305,2.502,,,,,,,
-0.208,-0.541,0.771,-2.319,-1.221,1.831,,,,,,,
-0.209,-0.546,0.775,-3.845,-2.808,2.075,,,,,,,
-0.206,-0.56,0.774,-5.127,-5.249,2.258,,,,,,,
-0.199,-0.57,0.777,-5.493,-7.568,2.319,,,,,,,
-0.185,-0.575,0.784,-4.333,-7.812,2.38,,,,,,,
-0.176,-0.577,0.789,-3.174,-6.165,2.563,,,,,,,
-0.172,-0.574,0.795,-1.587,-3.052,2.686,,,,,,,
-0.179,-0.554,0.798,0.244,0.854,2.38,,,,,,,
-0.187,-0.534,0.789,1.038,3.174,1.953,,,,,,,
-0.198,-0.519,0.779,-0.732,3.113,0.61,,,,,,,
-0.207,-0.527,0.784,-3.296,2.319,-0.854,,,,,,,
-0.213,-0.548,0.792,-5.493,1.282,-1.709,,,,,,,
-0.212,-0.561,0.798,-5.798,0.183,-1.953,,,,,,,
-0.209,-0.564,0.805,-4.639,-0.671,-1.526,,,,,,,
-0.199,-0.566,0.811,-2.93,-0.61,-0.732,,,,,,,
-0.2,-0.55,0.806,-0.977,0.183,1.282,,,,,,,
-0.199,-0.53,0.809,0.61,0.122,2.869,,,,,,,
-0.189,-0.509,0.8,0.549,-0.854,2.747,,,,,,,
-0.185,-0.507,0.798,-0.854,-0.977,2.197,,,,,,,
-0.191,-0.511,0.807,-2.563,-0.793,1.587,,,,,,,
-0.188,-0.534,0.81,-3.906,-0.977,-0.244,,,,,,,
-0.186,-0.542,0.807,-4.333,-0.366,-1.892,,,,,,,
-0.188,-0.547,0.814,-3.113,1.282,-2.93,,,,,,,
-0.195,-0.556,0.821,-0.977,3.052,-2.625,,,,,,,
-0.2,-0.555,0.83,2.197,3.784,-1.77,,,,,,,
-0.205,-0.538,0.828,5.249,2.869,-0.549,,,,,,,
-0.21,-0.518,0.819,6.958,0.488,1.099,,,,,,,
-0.211,-0.51,0.803,6.958,-2.625,2.625,,,,,,,
-0.211,-0.508,0.797,5.798,-5.554,3.723,,,,,,,
-0.204,-0.508,0.798,3.906,-7.751,4.028,,,,,,,
-0.004,-0.293,2.422,-207.886,8.24,-2.075,,,,,,,
0.111,-0.327,2.507,-170.776,36.56,-7.324,,,,,,,
0.116,-0.348,2.472,-135.01,58.472,-18.799,,,,,,,
0.064,-0.365,2.357,-103.699,81.482,-26.733,,,,,,,
-0.043,-0.437,2.234,-70.129,86.121,-26.55,,,,,,,
-0.148,-0.505,2.002,-39.612,63.721,-23.56,,,,,,,
-0.207,-0.536,1.649,-15.137,23.193,-20.508,,,,,,,
-0.214,-0.554,1.261,4.089,-20.264,-15.625,,,,,,,
-0.208,-0.578,0.909,15.625,-54.81,-8.789,,,,,,,
-0.192,-0.615,0.6,17.944,-73.181,-4.639,,,,,,,
-0.191,-0.666,0.367,14.709,-78.003,-2.441,,,,,,,
-0.188,-0.675,0.234,10.01,-69.153,-1.404,,,,,,,
-0.186,-0.69,0.228,3.784,-53.711,-1.099,,,,,,,
-0.166,-0.708,0.283,-4.7,-38.147,-2.258,,,,,,,
-0.162,-0.703,0.373,-12.634,-26.062,-3.967,,,,,,,
-0.16,-0.701,0.507,-17.822,-19.714,-5.005,,,,,,,
-0.16,-0.703,0.625,-20.752,-16.479,-3.601,,,,,,,
-0.177,-0.698,0.755,-19.531,-16.907,-1.709,,,,,,,
-0.189,-0.687,0.85,-14.343,-19.165,-0.427,,,,,,,
-0.184,-0.648,0.916,-7.507,-21.912,1.648,,,,,,,
-0.19,-0.609,0.93,-1.343,-24.17,3.845,,,,,,,
-0.183,-0.589,0.911,2.502,-23.376,4.7,,,,,,,
-0.181,-0.597,0.888,4.883,-20.325,3.784,,,,,,,
-0.181,-0.606,0.859,6.714,-15.32,0.854,,,,,,,
-0.188,-0.618,0.794,7.568,-7.812,-2.075,,,,,,,
-0.206,-0.642,0.737,8.118,-2.747,-3.906,,,,,,,
-0.221,-0.661,0.693,8.423,-1.465,-4.272,,,,,,,
-0.229,-0.684,0.646,8.667,-1.709,-3.235,,,,,,,
-0.24,-0.675,0.621,9.216,-2.319,-1.221,,,,,,,
-0.254,-0.669,0.622,8.667,-4.639,1.526,,,,,,,
-0.259,-0.669,0.63,6.531,-7.629,3.479,,,,,,,
-0.26,-0.661,0.639,4.517,-10.559,4.639,,,,,,,
-0.24,-0.65,0.653,2.441,-10.01,5.371,,,,,,,
-0.227,-0.648,0.657,-0.244,-7.202,5.615,,,,,,,
-0.201,-0.658,0.662,-3.052,-4.028,4.211,,,,,,,
-0.182,-0.666,0.682,-5.005,-1.16,2.319,,,,,,,
-0.171,-0.683,0.709,-5.676,2.441,1.16,,,,,,,
-0.177,-0.679,0.726,-3.662,6.653,1.404,,,,,,,
-0.196,-0.665,0.753,0.244,9.216,2.991,,,,,,,
-0.217,-0.656,0.779,3.052,7.08,4.456,,,,,,,
-0.219,-0.647,0.784,3.906,2.197,4.7,,,,,,,
-0.227,-0.639,0.777,5.066,-2.014,5.432,,,,,,,
-0.23,-0.635,0.759,6.47,-3.54,6.47,,,,,,,
-0.228,-0.634,0.742,6.958,-3.845,6.592,,,,,,,
-0.224,-0.648,0.716,6.409,-4.272,5.737,,,,,,,
-0.224,-0.658,0.704,5.554,-4.456,4.944,,,,,,,
-0.217,-0.667,0.698,5.127,-6.47,4.639,,,,,,,
-0.213,-0.676,0.687,4.333,-8.972,4.395,,,,,,,
-0.203,-0.682,0.681,4.456,-9.766,4.028,,,,,,,
-0.202,-0.68,0.678,5.554,-8.545,4.272,,,,,,,
-0.199,-0.681,0.672,6.592,-5.676,4.883,,,,,,,
-0.194,-0.68,0.665,7.568,-1.587,5.066,,,,,,,
-0.194,-0.676,0.664,8.484,3.601,4.7,,,,,,,
-0.201,-0.67,0.664,8.423,8.789,4.089,,,,,,,
-0.203,-0.668,0.671,6.958,11.169,2.502,,,,,,,
-0.205,-0.675,0.679,4.761,10.925,0.854,,,,,,,
-0.201,-0.677,0.687,3.052,8.728,0.366,,,,,,,
-0.183,-0.678,0.7,1.709,5.432,0.122,,,,,,,
-0.169,-0.69,0.703,0.854,2.441,-0.488,,,,,,,
-0.169,-0.695,0.698,1.526,2.563,-0.854,,,,,,,
-0.178,-0.69,0.707,3.784,4.456,-0.61,,,,,,,
-0.193,-0.682,0.702,5.432,5.31,-0.427,,,,,,,
-0.203,-0.676,0.706,6.104,3.784,-0.122,,,,,,,
-0.199,-0.675,0.708,5.798,1.099,-0.061,,,,,,,
-0.19,-0.672,0.703,4.7,-1.221,-0.122,,,,,,,
-0.18,-0.675,0.707,3.357,-2.319,-0.793,,,,,,,
-0.177,-0.67,0.713,2.747,-2.38,-1.77,,,,,,,
-0.172,-0.676,0.724,2.258,-2.686,-2.441,,,,,,,
-0.176,-0.692,0.72,2.136,-3.967,-2.991,,,,,,,
-0.182,-0.695,0.705,2.869,-4.15,-3.113,,,,,,,
-0.193,-0.691,0.708,5.432,-2.93,-2.38,,,,,,,
-0.212,-0.682,0.703,7.69,-0.244,-0.793,,,,,,,
-0.228,-0.67,0.712,8.545,0.244,-0.183,,,,,,,
-0.24,-0.662,0.704,7.69,-1.587,-0.366,,,,,,,
-0.24,-0.668,0.709,6.226,-3.174,0.427,,,,,,,
-0.239,-0.679,0.711,5.127,-4.761,1.282,,,,,,,
-0.23,-0.686,0.707,4.822,-5.981,1.587,,,,,,,
-0.22,-0.685,0.697,5.31,-6.47,1.709,,,,,,,
-0.21,-0.686,0.69,5.31,-6.042,1.892,,,,,,,
-0.209,-0.691,0.688,5.127,-5.249,2.014,,,,,,,
-0.204,-0.698,0.687,5.31,-4.395,2.014,,,,,,,
-0.202,-0.702,0.682,6.226,-2.502,2.563,,,,,,,
-0.204,-0.696,0.675,7.507,-0.916,3.418,,,,,,,
-0.197,-0.693,0.665,7.935,0.671,3.174,,,,,,,
-0.198,-0.685,0.656,8.118,2.869,2.747,,,,,,,
-0.2,-0.683,0.658,8.301,5.371,2.075,,,,,,,
-0.207,-0.679,0.651,7.446,6.592,1.221,,,,,,,
-0.21,-0.678,0.65,5.432,6.165,0.366,,,,,,,
-0.208,-0.682,0.666,3.418,4.578,-0.488,,,,,,,
-0.201,-0.687,0.684,1.77,2.014,-1.038,,,,,,,
-0.198,-0.696,0.703,1.282,-0.366,-0.854,,,,,,,
-0.199,-0.702,0.706,1.709,-1.343,-0.305,,,,,,,
-0.202,-0.7,0.716,3.845,-0.732,0.427,,,,,,,
-0.21,-0.698,0.723,6.592,-0.183,0.916,,,,,,,
-0.217,-0.694,0.721,8.789,0.061,1.343,,,,,,,
-0.225,-0.681,0.7,10.559,0.854,1.892,,,,,,,
-0.232,-0.668,0.694,10.559,1.709,2.38,,,,,,,
-0.234,-0.667,0.681,8.301,1.16,1.77,,,,,,,
-0.224,-0.681,0.678,5.005,0.488,0.305,,,,,,,
-0.214,-0.702,0.677,2.625,0.671,-0.854,,,,,,,
-0.208,-0.715,0.68,2.197,2.197,-1.16,,,,,,,
-0.208,-0.718,0.685,3.601,4.15,-1.038,,,,,,,
-0.211,-0.711,0.682,5.432,5.066,-0.854,,,,,,,
-0.221,-0.702,0.688,7.141,4.395,-0.061,,,,,,,
-0.227,-0.701,0.693,8.362,2.441,0.916,,,,,,,
-0.223,-0.691,0.693,8.972,0.183,1.404,,,,,,,
-0.217,-0.682,0.678,8.24,-1.404,2.014,,,,,,,
-0.211,-0.679,0.675,6.836,-1.953,1.648,,,,,,,
-0.2,-0.681,0.67,4.7,-1.77,0.854,,,,,,,
-0.193,-0.695,0.671,2.991,-1.038,0.061,,,,,,,
-0.191,-0.708,0.669,2.258,0.122,-0.61,,,,,,,
-0.199,-0.717,0.681,3.052,0.488,-0.977,,,,,,,
-0.203,-0.716,0.68,5.31,-0.122,-0.061,,,,,,,
-0.204,-0.715,0.672,7.446,-0.427,1.77,,,,,,,
-0.206,-0.708,0.658,9.094,-0.549,3.418,,,,,,,
-0.207,-0.7,0.649,8.911,-1.526,3.784,,,,,,,
-0.199,-0.696,0.648,7.874,-2.197,3.54,,,,,,,
-0.195,-0.695,0.641,5.737,-1.831,2.808,,,,,,,
-0.192,-0.7,0.647,3.357,-1.221,1.343,,,,,,,
-0.053,-0.255,2.606,-187.439,-2.625,-34.302,,,,,,,
0,-0.392,2.628,-150.146,11.963,-34.363,,,,,,,
0.056,-0.47,2.543,-101.929,27.161,-33.203,,,,,,,
0.072,-0.492,2.315,-52.979,38.696,-27.71,,,,,,,
0.002,-0.434,1.944,-13.367,46.753,-17.151,,,,,,,
-0.068,-0.434,1.614,17.151,40.527,-9.827,,,,,,,
-0.146,-0.507,1.273,35.767,17.456,-7.996,,,,,,,
-0.15,-0.546,0.873,42.358,-7.08,-7.446,,,,,,,
-0.139,-0.592,0.519,43.762,-29.663,-5.066,,,,,,,
-0.152,-0.625,0.3,42.969,-45.349,-1.526,,,,,,,
-0.161,-0.658,0.187,37.17,-50.842,0.793,,,,,,,
-0.185,-0.68,0.115,24.048,-50.903,-0.732,,,,,,,
-0.212,-0.687,0.125,8.362,-48.462,-4.211,,,,,,,
-0.24,-0.709,0.192,-7.324,-45.776,-7.874,,,,,,,
-0.241,-0.7,0.266,-21.912,-42.725,-10.925,,,,,,,
-0.252,-0.683,0.399,-33.447,-40.161,-14.343,,,,,,,
-0.26,-0.67,0.537,-41.626,-32.898,-16.174,,,,,,,
-0.276,-0.653,0.672,-45.593,-20.264,-13.916,,,,,,,
-0.302,-0.658,0.833,-43.091,-8.667,-9.521,,,,,,,
-0.333,-0.637,0.967,-36.56,-0.244,-4.211,,,,,,,
-0.336,-0.609,1.061,-26.978,4.517,0.854,,,,,,,
-0.33,-0.566,1.091,-18.188,2.136,6.348,,,,,,,
-0.289,-0.535,1.065,-12.39,-3.54,9.949,,,,,,,
-0.252,-0.533,1.016,-9.033,-8.728,11.719,,,,,,,
-0.216,-0.539,0.959,-5.92,-11.292,11.78,,,,,,,
-0.186,-0.552,0.913,-2.808,-11.169,10.254,,,,,,,
-0.176,-0.573,0.857,-0.183,-7.812,8.545,,,,,,,
-0.18,-0.592,0.83,3.601,-2.869,7.446,,,,,,,
-0.193,-0.592,0.805,7.202,0.366,6.958,,,,,,,
-0.195,-0.605,0.783,9.216,1.404,5.981,,,,,,,
-0.202,-0.607,0.751,10.925,1.221,5.859,,,,,,,
-0.201,-0.598,0.735,12.695,0.671,6.897,,,,,,,
-0.202,-0.597,0.719,12.451,-1.221,7.385,,,,,,,
-0.194,-0.605,0.686,10.193,-3.113,6.714,,,,,,,
-0.187,-0.613,0.666,8.118,-5.005,5.31,,,,,,,
-0.181,-0.625,0.639,5.92,-6.104,4.028,,,,,,,
-0.171,-0.628,0.628,3.479,-5.615,2.441,,,,,,,
-0.17,-0.63,0.635,1.099,-4.211,0.488,,,,,,,
-0.169,-0.634,0.642,-1.221,-1.526,-1.221,,,,,,,
-0.182,-0.641,0.683,-2.075,1.953,-2.197,,,,,,,
-0.207,-0.644,0.708,-2.563,4.456,-2.808,,,,,,,
-0.229,-0.636,0.736,-2.38,6.104,-2.625,,,,,,,
-0.243,-0.627,0.765,-1.404,6.226,-1.404,,,,,,,
-0.249,-0.62,0.769,-1.221,4.578,-0.549,,,,,,,
-0.239,-0.617,0.777,-1.526,1.709,-0.732,,,,,,,
-0.228,-0.606,0.78,-1.221,0.183,-0.977,,,,,,,
-0.228,-0.603,0.771,-1.099,1.282,-0.488,,,,,,,
-0.235,-0.598,0.777,-0.793,2.563,-0.122,,,,,,,
-0.236,-0.604,0.791,-0.366,1.831,0,,,,,,,
-0.234,-0.617,0.804,0.488,0,1.038,,,,,,,
-0.232,-0.618,0.817,3.479,-0.305,2.502,,,,,,,
-0.227,-0.606,0.808,7.08,0.977,4.089,,,,,,,
-0.223,-0.59,0.778,9.033,2.93,4.639,,,,,,,
-0.222,-0.59,0.747,9.46,4.639,4.211,,,,,,,
-0.221,-0.589,0.725,8.85,5.493,3.723,,,,,,,
-0.22,-0.597,0.711,6.958,4.456,3.662,,,,,,,
-0.217,-0.623,0.705,4.395,1.099,3.174,,,,,,,
-0.204,-0.636,0.707,3.174,-3.174,2.991,,,,,,,
-0.195,-0.643,0.718,3.296,-6.653,3.784,,,,,,,
-0.184,-0.646,0.728,3.967,-8.118,4.639,,,,,,,
-0.18,-0.651,0.734,5.188,-7.935,4.761,,,,,,,
-0.175,-0.646,0.738,7.385,-4.517,4.822,,,,,,,
-0.177,-0.646,0.745,9.888,0.183,4.333,,,,,,,
-0.188,-0.636,0.736,11.841,4.639,2.808,,,,,,,
-0.205,-0.622,0.74,12.39,6.897,1.221,,,,,,,
-0.219,-0.604,0.737,10.376,4.883,-0.366,,,,,,,
-0.221,-0.6,0.72,6.042,0.793,-1.831,,,,,,,
-0.211,-0.616,0.726,1.953,-2.686,-2.686,,,,,,,
-0.203,-0.635,0.727,-0.366,-4.15,-2.93,,,,,,,
-0.188,-0.647,0.73,-1.038,-3.662,-3.174,,,,,,,
-0.188,-0.658,0.737,0.061,-0.977,-3.54,,,,,,,
-0.208,-0.672,0.745,2.93,4.761,-2.38,,,,,,,
-0.229,-0.652,0.75,6.897,9.644,-0.793,,,,,,,
-0.244,-0.631,0.755,8.789,9.705,-0.305,,,,,,,
-0.245,-0.614,0.737,7.874,8.728,0.122,,,,,,,
-0.246,-0.609,0.742,6.348,6.653,0.122,,,,,,,
-0.233,-0.606,0.732,3.174,5.127,-0.427,,,,,,,
-0.227,-0.619,0.731,0.244,4.578,-1.343,,,,,,,
-0.227,-0.629,0.739,-1.221,3.906,-2.197,,,,,,,
-0.225,-0.636,0.743,-1.892,1.892,-2.563,,,,,,,
-0.216,-0.646,0.75,-1.709,-1.099,-2.686,,,,,,,
-0.205,-0.65,0.755,-0.061,-2.93,-2.258,,,,,,,
-0.208,-0.65,0.754,2.747,-3.052,-0.854,,,,,,,
-0.212,-0.638,0.751,5.92,-1.587,1.526,,,,,,,
-0.225,-0.621,0.742,8.728,0.183,3.784,,,,,,,
-0.233,-0.605,0.736,9.46,0.854,5.066,,,,,,,
-0.233,-0.599,0.738,7.874,-0.977,5.127,,,,,,,
-0.225,-0.606,0.745,5.31,-3.296,4.089,,,,,,,
-0.216,-0.622,0.74,3.174,-4.7,2.808,,,,,,,
-0.203,-0.638,0.73,2.747,-4.517,2.075,,,,,,,
-0.192,-0.643,0.717,3.845,-3.113,1.587,,,,,,,
-0.181,-0.641,0.715,5.249,-0.671,1.77,,,,,,,
-0.182,-0.635,0.72,6.531,1.831,1.343,,,,,,,
-0.193,-0.636,0.734,7.507,4.578,1.099,,,,,,,
-0.208,-0.647,0.754,8.789,5.615,1.404,,,,,,,
-0.217,-0.633,0.766,10.254,4.211,1.282,,,,,,,
-0.214,-0.623,0.767,10.437,1.709,0.977,,,,,,,
-0.214,-0.622,0.76,9.888,0.549,0.854,,,,,,,
-0.209,-0.631,0.754,9.155,0.061,0.122,,,,,,,
-0.208,-0.64,0.75,8.301,0.488,-0.671,,,,,,,
-0.189,-0.656,0.724,7.202,1.404,-0.916,,,,,,,
-0.2,-0.668,0.732,7.629,0.427,-1.221,,,,,,,
-0.203,-0.672,0.721,8.545,0.427,-1.282,,,,,,,
-0.213,-0.67,0.711,10.254,1.343,-0.427,,,,,,,
-0.224,-0.66,0.708,11.78,2.258,0.671,,,,,,,
-0.235,-0.655,0.695,11.719,1.648,0.732,,,,,,,
-0.238,-0.653,0.695,10.437,0.488,0.793,,,,,,,
-0.234,-0.65,0.677,8.606,-1.282,1.77,,,,,,,
-0.221,-0.651,0.66,5.981,-2.502,2.197,,,,,,,
-0.203,-0.662,0.667,2.991,-3.601,1.404,,,,,,,
-0.194,-0.677,0.682,0.732,-3.235,0.061,,,,,,,
-0.193,-0.681,0.696,0.122,-1.343,-0.854,,,,,,,
-0.195,-0.676,0.71,1.038,0.916,-1.099,,,,,,,
-0.206,-0.672,0.724,2.258,2.319,-0.732,,,,,,,
-0.213,-0.661,0.736,4.028,3.418,0.488,,,,,,,
-0.222,-0.651,0.741,5.432,3.662,1.221,,,,,,,
-0.227,-0.648,0.743,6.042,3.418,1.282,,,,,,,
-0.221,-0.646,0.746,6.714,3.174,1.282,,,,,,,
-0.217,-0.64,0.749,7.263,3.052,1.404,,,,,,,
-0.183,0.67,-1.745,-139.954,-24.353,-18.433,,,,,,,
-0.214,0.687,-1.687,-169.067,-30.579,-28.809,,,,,,,
-0.222,0.652,-1.603,-196.716,-39.673,-38.025,,,,,,,
-0.21,0.552,-1.524,-219.543,-48.706,-44.25,,,,,,,
-0.185,0.449,-1.471,-236.755,-53.04,-46.936,,,,,,,
-0.16,0.384,-1.423,-244.568,-51.27,-47.119,,,,,,,
-0.141,0.34,-1.386,-244.873,-41.809,-42.664,,,,,,,
-0.116,0.307,-1.378,-242.493,-25.818,-34.79,,,,,,,
-0.107,0.312,-1.349,-242.371,-3.662,-26.917,,,,,,,
-0.124,0.361,-1.329,-248.84,22.156,-21.729,,,,,,,
-0.183,0.371,-1.288,-261.169,42.053,-18.555,,,,,,,
-0.225,0.363,-1.216,-279.175,48.157,-18.616,,,,,,,
-0.311,0.338,-1.128,-300.659,42.542,-22.461,,,,,,,
-0.327,0.276,-1.047,-321.289,32.593,-29.541,,,,,,,
-0.322,0.145,-0.966,-339.539,20.691,-35.95,,,,,,,
-0.313,0.026,-0.897,-349.121,18.494,-32.959,,,,,,,
-0.29,-0.082,-0.819,-343.445,30.457,-22.095,,,,,,,
-0.285,-0.12,-0.788,-331.055,44.922,-10.864,,,,,,,
-0.258,-0.091,-0.807,-319.275,53.955,-2.319,,,,,,,
-0.274,-0.008,-0.763,-317.078,56.396,2.808,,,,,,,
-0.323,0.036,-0.706,-326.721,48.706,3.113,,,,,,,
-0.306,0.023,-0.693,-339.905,29.541,1.038,,,,,,,
-0.234,0.035,-0.71,-353.76,6.226,-0.977,,,,,,,
-0.144,0.017,-0.63,-369.568,-12.268,-7.324,,,,,,,
-0.099,0.005,-0.513,-385.925,-11.841,-14.16,,,,,,,
-0.086,-0.038,-0.373,-395.02,9.888,-15.198,,,,,,,
-0.083,-0.087,-0.192,-395.142,41.992,-10.986,,,,,,,
-0.092,-0.098,-0.012,-389.709,68.481,-7.141,,,,,,,
-0.097,-0.073,0.139,-382.202,79.529,-6.042,,,,,,,
-0.086,-0.046,0.231,-374.878,79.834,-2.869,,,,,,,
-0.07,0.027,0.278,-368.591,77.026,3.113,,,,,,,
-0.048,0.089,0.375,-364.99,69.397,6.348,,,,,,,
-0.042,0.122,0.47,-365.784,56.763,5.737,,,,,,,
-0.023,0.144,0.576,-366.028,45.288,7.202,,,,,,,
-0.006,0.14,0.72,-362.854,34.18,11.841,,,,,,,
0.026,0.168,0.937,-356.14,22.766,18.616,,,,,,,
0.088,0.198,1.232,-348.389,15.381,20.447,,,,,,,
0.146,0.163,1.518,-339.539,18.494,16.602,,,,,,,
0.156,0.095,1.809,-322.571,34.851,11.963,,,,,,,
0.112,0.078,2.065,-294.556,55.237,8.545,,,,,,,
0.044,0.082,2.253,-261.169,66.65,5.798,,,,,,,
-0.048,0.166,2.431,-232.239,61.829,4.517,,,,,,,
-0.065,0.23,2.724,-213.806,38.025,2.014,,,,,,,
-0.041,0.12,2.956,-203.613,3.113,-1.953,,,,,,,
0.04,-0.098,2.926,-188.599,-28.564,-7.812,,,,,,,
0.098,-0.289,2.718,-153.748,-50.11,-14.404,,,,,,,
0.111,-0.375,2.37,-102.966,-50.537,-14.099,,,,,,,
0.063,-0.388,2.028,-48.218,-34.424,-9.216,,,,,,,
-0.01,-0.392,1.648,-4.211,-11.78,-5.554,,,,,,,
-0.073,-0.418,1.267,24.048,6.47,-5.798,,,,,,,
-0.145,-0.447,0.948,38.574,11.963,-9.094,,,,,,,
-0.189,-0.49,0.691,41.382,7.751,-12.451,,,,,,,
-0.222,-0.512,0.53,38.025,-1.587,-14.099,,,,,,,
-0.228,-0.544,0.444,29.236,-13.55,-13.733,,,,,,,
-0.227,-0.572,0.416,15.442,-27.344,-12.39,,,,,,,
-0.21,-0.622,0.453,2.38,-40.344,-10.803,,,,,,,
-0.183,-0.66,0.511,-6.47,-47.485,-7.446,,,,,,,
-0.166,-0.681,0.597,-8.606,-47.974,-4.028,,,,,,,
-0.158,-0.661,0.689,-5.493,-42.419,-2.258,,,,,,,
-0.166,-0.625,0.771,-0.305,-33.569,-2.258,,,,,,,
-0.21,-0.579,0.817,4.639,-24.231,-2.502,,,,,,,
-0.247,-0.555,0.855,7.812,-17.151,-2.747,,,,,,,
-0.265,-0.538,0.867,7.996,-14.893,-3.479,,,,,,,
-0.272,-0.541,0.857,6.714,-14.16,-4.883,,,,,,,
-0.266,-0.556,0.839,5.981,-12.39,-5.493,,,,,,,
-0.265,-0.564,0.83,6.287,-9.766,-5.859,,,,,,,
-0.274,-0.586,0.799,6.653,-8.057,-6.531,,,,,,,
-0.278,-0.606,0.76,7.263,-5.005,-5.737,,,,,,,
-0.294,-0.615,0.747,9.277,-1.099,-2.991,,,,,,,
-0.302,-0.622,0.738,10.925,0.854,-0.427,,,,,,,
-0.296,-0.607,0.72,10.437,0.854,2.075,,,,,,,
-0.291,-0.602,0.719,9.521,-0.244,3.662,,,,,,,
-0.286,-0.605,0.714,7.019,-1.343,4.028,,,,,,,
-0.281,-0.612,0.708,4.15,-2.014,3.967,,,,,,,
-0.273,-0.615,0.711,2.075,-1.831,3.845,,,,,,,
-0.273,-0.614,0.714,0.61,-2.014,3.662,,,,,,,
-0.266,-0.61,0.705,-1.526,-2.319,3.479,,,,,,,
-0.258,-0.606,0.709,-3.479,-3.113,2.93,,,,,,,
-0.244,-0.608,0.72,-4.517,-2.441,2.319,,,,,,,
-0.244,-0.605,0.738,-3.845,0.183,2.991,,,,,,,
-0.243,-0.602,0.749,-2.869,4.456,4.7,,,,,,,
-0.239,-0.594,0.774,-0.854,7.751,6.592,,,,,,,
-0.236,-0.59,0.789,0.244,8.24,6.897,,,,,,,
-0.228,-0.587,0.794,0.793,7.08,6.042,,,,,,,
-0.221,-0.581,0.794,1.038,4.456,5.493,,,,,,,
-0.212,-0.573,0.773,0.488,0.61,4.761,,,,,,,
-0.203,-0.563,0.769,-0.549,-3.052,3.174,,,,,,,
-0.206,-0.574,0.778,-2.319,-6.226,1.587,,,,,,,
-0.208,-0.584,0.775,-3.113,-8.667,1.16,,,,,,,
-0.207,-0.591,0.78,-2.136,-10.559,0.916,,,,,,,
-0.207,-0.595,0.766,-0.366,-9.338,1.465,,,,,,,
-0.217,-0.604,0.77,2.441,-6.042,2.563,,,,,,,
-0.23,-0.599,0.759,5.859,-2.502,3.174,,,,,,,
-0.241,-0.584,0.755,8.179,0.305,3.418,,,,,,,
-0.247,-0.575,0.751,8.423,1.77,3.418,,,,,,,
-0.25,-0.571,0.75,7.324,1.526,2.563,,,,,,,
-0.248,-0.574,0.747,5.249,1.526,1.221,,,,,,,
-0.241,-0.583,0.748,3.357,2.808,-0.427,,,,,,,
-0.237,-0.596,0.749,2.136,4.822,-1.709,,,,,,,
-0.242,-0.606,0.756,2.197,7.263,-2.197,,,,,,,
-0.242,-0.606,0.762,3.418,8.545,-1.77,,,,,,,
-0.244,-0.605,0.763,4.395,8.057,-0.61,,,,,,,
-0.239,-0.603,0.769,4.761,6.775,0.793,,,,,,,
-0.243,-0.594,0.776,5.31,4.517,1.892,,,,,,,
-0.243,-0.582,0.775,5.493,2.258,2.747,,,,,,,
-0.233,-0.574,0.786,4.883,-0.916,3.174,,,,,,,
-0.231,-0.572,0.788,3.601,-2.686,2.747,,,,,,,
-0.236,-0.584,0.781,2.747,-3.54,2.136,,,,,,,
-0.235,-0.594,0.776,2.991,-3.662,2.136,,,,,,,
-0.229,-0.604,0.774,3.967,-3.174,2.686,,,,,,,
-0.219,-0.615,0.77,4.883,-2.747,2.93,,,,,,,
-0.208,-0.617,0.768,6.592,-1.648,3.479,,,,,,,
-0.194,-0.615,0.77,8.423,0.61,3.723,,,,,,,
-0.186,-0.611,0.762,10.254,3.418,3.235,,,,,,,
-0.182,-0.594,0.755,11.841,6.348,2.625,,,,,,,
-0.195,-0.583,0.754,12.39,7.812,2.869,,,,,,,
-0.209,-0.587,0.755,10.62,6.47,2.38,,,,,,,
-0.213,-0.593,0.748,8.911,3.113,0.977,,,,,,,
-0.214,-0.596,0.74,7.996,0.366,-0.244,,,,,,,
-0.24,0.39,-2.136,-123.84,-81.543,-0.549,,,,,,,
-0.228,0.501,-2.189,-145.02,-102.295,-5.554,,,,,,,
-0.197,0.58,-2.217,-168.457,-122.681,-12.085,,,,,,,
-0.15,0.66,-2.21,-191.65,-132.629,-15.625,,,,,,,
-0.092,0.683,-2.153,-212.463,-131.348,-16.846,,,,,,,
-0.019,0.646,-2.059,-233.093,-121.521,-19.531,,,,,,,
0.03,0.589,-1.918,-253.479,-105.591,-25.513,,,,,,,
0.061,0.583,-1.823,-272.461,-84.534,-32.593,,,,,,,
0.072,0.598,-1.748,-288.208,-64.636,-39.429,,,,,,,
0.045,0.63,-1.683,-303.528,-52.185,-46.265,,,,,,,
0.024,0.646,-1.632,-322.51,-45.227,-52.612,,,,,,,
0.009,0.678,-1.576,-341.858,-46.57,-57.129,,,,,,,
-0.011,0.599,-1.457,-356.445,-55.237,-57.434,,,,,,,
0.011,0.521,-1.332,-371.033,-56.885,-57.983,,,,,,,
0.026,0.455,-1.159,-386.719,-46.326,-63.11,,,,,,,
0.021,0.375,-0.978,-399.109,-23.621,-66.772,,,,,,,
-0.005,0.344,-0.773,-405.212,6.775,-66.284,,,,,,,
-0.025,0.289,-0.605,-407.654,36.194,-63.416,,,,,,,
-0.053,0.226,-0.431,-407.959,52.368,-57.556,,,,,,,
-0.056,0.172,-0.264,-407.104,54.382,-51.575,,,,,,,
-0.072,0.128,-0.124,-406.86,47.607,-46.875,,,,,,,
-0.026,0.09,0.009,-406.494,35.339,-44.556,,,,,,,
0,0.077,0.102,-406.128,20.386,-44.128,,,,,,,
0.06,0.081,0.206,-402.405,10.315,-44.861,,,,,,,
0.054,0.144,0.313,-396.851,2.93,-46.57,,,,,,,
0.061,0.145,0.483,-392.273,-2.441,-49.5,,,,,,,
0.042,0.139,0.679,-384.888,-0.854,-51.88,,,,,,,
0.024,0.132,0.88,-372.559,8.911,-52.49,,,,,,,
-0.016,0.128,1.079,-355.591,22.095,-53.833,,,,,,,
-0.073,0.111,1.255,-336.975,34.851,-54.565,,,,,,,
-0.15,0.103,1.398,-316.711,40.527,-53.589,,,,,,,
-0.187,0.092,1.495,-297.18,36.194,-51.758,,,,,,,
-0.23,0.058,1.55,-280.212,21.79,-49.5,,,,,,,
-0.271,0.008,1.594,-264.954,5.615,-44.739,,,,,,,
-0.294,-0.052,1.625,-248.047,-7.324,-39.124,,,,,,,
-0.35,-0.117,1.66,-228.577,-19.775,-34.18,,,,,,,
-0.394,-0.16,1.663,-209.29,-27.039,-32.043,,,,,,,
-0.468,-0.086,1.73,-194.397,-33.203,-32.166,,,,,,,
-0.551,-0.085,1.898,-187.561,-42.786,-33.875,,,,,,,
-0.554,-0.138,2.032,-185.974,-53.833,-34.18,,,,,,,
-0.506,-0.238,2.069,-177.979,-63.293,-34.058,,,,,,,
-0.449,-0.325,2.045,-157.349,-70.801,-36.865,,,,,,,
-0.415,-0.405,1.95,-128.113,-66.589,-37.354,,,,,,,
-0.388,-0.481,1.801,-92.59,-48.645,-30.029,,,,,,,
-0.39,-0.515,1.623,-53.894,-28.992,-17.09,,,,,,,
-0.387,-0.503,1.404,-21.79,-20.203,-5.981,,,,,,,
-0.361,-0.486,1.164,-3.54,-25.513,-0.854,,,,,,,
-0.304,-0.492,0.934,3.601,-39.856,1.404,,,,,,,
-0.24,-0.536,0.749,4.578,-54.016,2.563,,,,,,,
-0.17,-0.568,0.603,2.014,-63.171,1.526,,,,,,,
-0.114,-0.611,0.508,-2.38,-65.552,-2.258,,,,,,,
-0.084,-0.639,0.457,-6.714,-58.594,-8.667,,,,,,,
-0.09,-0.658,0.468,-10.315,-45.959,-17.212,,,,,,,
-0.13,-0.687,0.49,-12.756,-29.724,-23.743,,,,,,,
-0.193,-0.687,0.536,-11.047,-11.414,-23.499,,,,,,,
-0.254,-0.677,0.625,-6.47,2.258,-20.508,,,,,,,
-0.323,-0.668,0.684,-3.296,8.484,-19.104,,,,,,,
-0.369,-0.635,0.727,-1.892,7.141,-17.7,,,,,,,
-0.409,-0.606,0.738,-2.38,0.061,-15.076,,,,,,,
-0.415,-0.586,0.746,-5.249,-9.094,-12.268,,,,,,,
-0.408,-0.591,0.757,-9.46,-18.127,-10.071,,,,,,,
-0.387,-0.594,0.746,-12.878,-22.522,-8.057,,,,,,,
-0.375,-0.601,0.744,-14.099,-22.4,-7.324,,,,,,,
-0.374,-0.619,0.74,-13.672,-16.541,-6.897,,,,,,,
-0.388,-0.637,0.748,-10.742,-5.554,-4.822,,,,,,,
-0.41,-0.649,0.769,-4.395,6.287,-2.441,,,,,,,
-0.427,-0.631,0.779,2.502,16.724,-0.244,,,,,,,
-0.445,-0.598,0.781,7.751,23.315,2.686,,,,,,,
-0.453,-0.583,0.779,10.01,23.987,4.7,,,,,,,
-0.445,-0.572,0.762,8.85,18.616,5.737,,,,,,,
-0.417,-0.571,0.725,5.005,10.193,6.775,,,,,,,
-0.369,-0.584,0.697,1.343,0.916,7.08,,,,,,,
-0.322,-0.598,0.681,-1.099,-4.089,7.08,,,,,,,
-0.284,-0.617,0.667,-1.892,-5.066,5.92,,,,,,,
-0.268,-0.63,0.673,-0.671,-2.502,4.456,,,,,,,
-0.266,-0.642,0.692,3.113,2.625,4.395,,,,,,,
-0.286,-0.642,0.691,7.568,7.996,4.944,,,,,,,
-0.306,-0.624,0.696,11.963,10.437,5.676,,,,,,,
-0.325,-0.617,0.697,14.526,9.155,6.409,,,,,,,
-0.313,-0.587,0.695,14.404,5.981,6.47,,,,,,,
-0.299,-0.557,0.697,11.414,2.38,6.104,,,,,,,
-0.305,-0.567,0.704,6.714,0.854,5.493,,,,,,,
-0.296,-0.601,0.723,2.625,-1.282,3.479,,,,,,,
-0.294,-0.629,0.707,-0.488,-4.578,0.244,,,,,,,
-0.287,-0.641,0.684,-0.61,-7.568,-1.648,,,,,,,
-0.303,-0.654,0.668,2.502,-8.484,-1.77,,,,,,,
-0.322,-0.649,0.668,7.263,-6.897,-0.305,,,,,,,
-0.334,-0.635,0.674,10.62,-4.028,1.465,,,,,,,
-0.342,-0.61,0.694,11.902,-2.563,2.258,,,,,,,
-0.356,-0.606,0.715,11.414,-2.197,2.014,,,,,,,
-0.355,-0.608,0.727,10.01,-0.793,1.709,,,,,,,
-0.348,-0.62,0.738,8.545,1.404,1.709,,,,,,,
-0.341,-0.64,0.735,7.935,2.93,1.221,,,,,,,
-0.334,-0.652,0.716,8.179,4.028,0.061,,,,,,,
-0.328,-0.655,0.694,9.155,5.554,-0.244,,,,,,,
-0.329,-0.667,0.688,10.559,8.301,0.916,,,,,,,
-0.333,-0.673,0.677,12.024,10.864,2.869,,,,,,,
-0.337,-0.676,0.677,13.123,11.23,4.272,,,,,,,
-0.336,-0.672,0.67,13.367,9.644,4.333,,,,,,,
-0.329,-0.674,0.659,12.878,8.118,4.578,,,,,,,
-0.314,-0.666,0.651,11.658,5.737,4.883,,,,,,,
-0.293,-0.656,0.646,8.789,3.723,4.272,,,,,,,
-0.284,-0.659,0.655,4.395,3.418,2.258,,,,,,,
-0.277,-0.675,0.676,0.366,4.7,-0.488,,,,,,,
-0.282,-0.686,0.699,-1.709,6.653,-2.075,,,,,,,
-0.288,-0.696,0.719,-1.282,8.301,-2.808,,,,,,,
-0.298,-0.687,0.731,1.343,9.338,-1.953,,,,,,,
-0.302,-0.674,0.741,5.005,9.216,-0.61,,,,,,,
-0.298,-0.663,0.728,7.385,7.996,-0.366,,,,,,,
-0.299,-0.652,0.721,9.216,6.531,-0.244,,,,,,,
-0.291,-0.643,0.702,10.254,5.188,-0.61,,,,,,,
-0.289,-0.621,0.681,10.071,4.211,-0.793,,,,,,,
-0.296,-0.614,0.651,8.057,3.723,-1.099,,,,,,,
-0.295,-0.617,0.636,5.066,2.136,-1.77,,,,,,,
-0.292,-0.635,0.636,2.014,-0.244,-2.38,,,,,,,
-0.286,-0.651,0.637,0.305,-1.404,-2.869,,,,,,,
-0.281,-0.656,0.641,0.854,-1.038,-2.747,,,,,,,
-0.284,-0.653,0.65,2.502,0.61,-2.869,,,,,,,
-0.292,-0.655,0.656,4.7,4.15,-2.441,,,,,,,
0.009,0.476,-2.176,-106.262,-90.759,-20.813,,,,,,,
0.041,0.532,-2.231,-135.498,-93.262,-24.841,,,,,,,
0.063,0.568,-2.228,-167.48,-87.524,-30.029,,,,,,,
0.065,0.589,-2.17,-199.585,-78.43,-38.025,,,,,,,
0.084,0.585,-2.11,-230.164,-69.58,-47.18,,,,,,,
0.083,0.591,-2.07,-256.592,-64.148,-54.749,,,,,,,
0.109,0.567,-1.993,-278.564,-63.599,-61.34,,,,,,,
0.152,0.494,-1.889,-300.049,-62.866,-67.444,,,,,,,
0.162,0.422,-1.781,-320.068,-53.711,-72.021,,,,,,,
0.173,0.343,-1.68,-334.229,-38.94,-75.073,,,,,,,
0.173,0.279,-1.544,-341.431,-23.254,-76.477,,,,,,,
0.18,0.204,-1.408,-345.825,-5.676,-77.454,,,,,,,
0.155,0.142,-1.26,-349.426,12.817,-77.209,,,,,,,
0.108,0.095,-1.113,-352.478,33.997,-76.843,,,,,,,
0.069,0.065,-0.946,-355.469,54.26,-78.125,,,,,,,
0.004,0.02,-0.774,-359.924,68.909,-79.773,,,,,,,
-0.05,-0.043,-0.598,-364.136,78.308,-79.407,,,,,,,
-0.118,-0.134,-0.429,-363.586,80.139,-75.134,,,,,,,
-0.146,-0.21,-0.265,-358.398,76.538,-68.298,,,,,,,
-0.152,-0.274,-0.118,-349.609,69.336,-61.157,,,,,,,
-0.194,-0.284,-0.015,-337.219,60.486,-53.284,,,,,,,
-0.185,-0.305,0.075,-324.707,51.575,-46.326,,,,,,,
-0.185,-0.292,0.11,-315.43,40.771,-39.246,,,,,,,
-0.205,-0.295,0.17,-307.129,26.428,-35.095,,,,,,,
-0.19,-0.294,0.228,-300.232,11.108,-36.072,,,,,,,
-0.201,-0.258,0.236,-296.082,-1.16,-39.185,,,,,,,
-0.203,-0.218,0.258,-293.396,-7.812,-42.542,,,,,,,
-0.215,-0.199,0.285,-291.748,-11.169,-46.387,,,,,,,
-0.226,-0.188,0.325,-290.71,-11.292,-51.331,,,,,,,
-0.24,-0.177,0.38,-289.124,-10.986,-57.007,,,,,,,
-0.256,-0.169,0.418,-286.56,-7.568,-62.256,,,,,,,
-0.275,-0.17,0.481,-281.616,-2.686,-64.453,,,,,,,
-0.297,-0.172,0.525,-275.757,3.54,-62.256,,,,,,,
-0.304,-0.201,0.588,-268.127,9.155,-56.702,,,,,,,
-0.313,-0.214,0.649,-258.85,11.658,-48.889,,,,,,,
-0.309,-0.22,0.685,-250.732,11.414,-42.297,,,,,,,
-0.297,-0.224,0.727,-243.774,8.545,-38.208,,,,,,,
-0.281,-0.224,0.763,-237.061,4.944,-35.339,,,,,,,
-0.266,-0.235,0.811,-230.896,2.197,-32.349,,,,,,,
-0.281,-0.23,0.851,-224.976,0.427,-29.358,,,,,,,
-0.285,-0.25,0.901,-218.445,-0.61,-28.992,,,,,,,
-0.294,-0.26,0.945,-211.121,-1.77,-30.64,,,,,,,
-0.303,-0.248,0.999,-201.416,-2.075,-32.593,,,,,,,
-0.3,-0.235,1.051,-191.223,0.732,-33.875,,,,,,,
-0.318,-0.216,1.081,-183.655,7.874,-33.875,,,,,,,
-0.339,-0.167,1.171,-177.673,15.747,-34.851,,,,,,,
-0.359,-0.105,1.305,-175.476,21.484,-37.354,,,,,,,
-0.366,-0.103,1.48,-176.88,25.94,-40.344,,,,,,,
-0.349,-0.144,1.565,-176.575,26.917,-43.274,,,,,,,
-0.352,-0.17,1.661,-167.664,21.118,-46.265,,,,,,,
-0.389,-0.196,1.725,-152.405,17.578,-47.485,,,,,,,
-0.428,-0.256,1.785,-131.958,16.479,-43.457,,,,,,,
-0.458,-0.325,1.76,-106.689,18.555,-33.691,,,,,,,
-0.474,-0.369,1.682,-76.965,20.508,-21.24,,,,,,,
-0.468,-0.367,1.572,-45.898,15.686,-9.949,,,,,,,
-0.46,-0.326,1.397,-22.095,7.935,-1.77,,,,,,,
-0.431,-0.318,1.215,-7.69,0.488,3.967,,,,,,,
-0.391,-0.337,1.047,0.732,-5.554,7.935,,,,,,,
-0.367,-0.352,0.91,5.31,-11.597,10.376,,,,,,,
-0.35,-0.373,0.822,6.775,-16.907,11.414,,,,,,,
-0.332,-0.419,0.766,5.493,-20.935,10.315,,,,,,,
-0.297,-0.464,0.685,3.174,-22.705,8.728,,,,,,,
-0.279,-0.468,0.667,2.93,-23.621,7.935,,,,,,,
-0.267,-0.482,0.655,2.136,-22.034,5.859,,,,,,,
-0.26,-0.492,0.653,0,-17.761,3.296,,,,,,,
-0.269,-0.498,0.701,-0.488,-12.329,0.366,,,,,,,
-0.293,-0.497,0.74,0.061,-5.737,-1.587,,,,,,,
-0.312,-0.476,0.76,1.77,1.587,-2.258,,,,,,,
-0.332,-0.461,0.792,3.113,8.118,-3.174,,,,,,,
-0.339,-0.447,0.801,2.686,12.939,-4.7,,,,,,,
-0.356,-0.448,0.808,1.404,15.686,-5.981,,,,,,,
-0.377,-0.446,0.821,0.916,16.296,-6.409,,,,,,,
-0.399,-0.454,0.841,0.854,13.367,-5.371,,,,,,,
-0.409,-0.476,0.858,1.221,7.324,-3.357,,,,,,,
-0.415,-0.489,0.868,2.808,0.61,-0.549,,,,,,,
-0.391,-0.486,0.828,4.517,-3.357,2.747,,,,,,,
-0.37,-0.47,0.827,6.592,-6.287,4.7,,,,,,,
-0.348,-0.471,0.804,6.409,-5.92,5.005,,,,,,,
-0.342,-0.478,0.791,6.165,-1.831,4.761,,,,,,,
-0.346,-0.474,0.801,7.69,3.662,3.723,,,,,,,
-0.354,-0.471,0.798,8.362,7.629,1.953,,,,,,,
-0.359,-0.471,0.789,7.996,9.705,0.427,,,,,,,
-0.365,-0.477,0.79,7.324,10.62,-0.183,,,,,,,
-0.364,-0.485,0.791,6.714,9.949,0.122,,,,,,,
-0.354,-0.493,0.793,6.592,8.85,0.854,,,,,,,
-0.349,-0.508,0.793,7.446,7.935,2.075,,,,,,,
-0.343,-0.51,0.781,9.277,8.667,3.845,,,,,,,
-0.341,-0.494,0.771,11.78,8.972,5.554,,,,,,,
-0.335,-0.48,0.782,13.245,7.019,6.409,,,,,,,
-0.334,-0.474,0.773,12.085,4.15,6.714,,,,,,,
-0.319,-0.481,0.781,10.071,0.61,5.859,,,,,,,
-0.31,-0.49,0.778,8.423,-1.953,4.395,,,,,,,
-0.296,-0.502,0.78,7.446,-2.014,2.869,,,,,,,
-0.294,-0.514,0.783,7.751,-0.122,1.282,,,,,,,
-0.306,-0.526,0.772,9.46,4.089,0.305,,,,,,,
-0.318,-0.519,0.769,11.841,8.179,0.366,,,,,,,
-0.339,-0.526,0.781,13.733,10.193,0.671,,,,,,,
-0.346,-0.528,0.783,14.648,10.376,1.526,,,,,,,
-0.353,-0.518,0.782,15.198,7.568,2.258,,,,,,,
-0.343,-0.505,0.784,14.648,3.845,2.808,,,,,,,
-0.334,-0.499,0.781,12.573,0.671,3.418,,,,,,,
-0.322,-0.508,0.784,9.827,-1.282,2.808,,,,,,,
-0.317,-0.519,0.789,8.118,-1.526,1.282,,,,,,,
-0.313,-0.526,0.796,8.057,-0.122,0.305,,,,,,,
-0.313,-0.533,0.787,8.972,2.075,-0.183,,,,,,,
-0.312,-0.532,0.784,10.193,4.578,-0.427,,,,,,,
-0.307,-0.536,0.786,11.658,7.324,-0.244,,,,,,,
-0.31,-0.531,0.781,12.573,9.216,-0.122,,,,,,,
-0.312,-0.523,0.77,12.756,10.681,0.488,,,,,,,
-0.318,-0.524,0.773,12.756,10.62,1.343,,,,,,,
-0.328,-0.519,0.77,12.024,7.812,1.831,,,,,,,
-0.31,-0.533,0.794,10.559,3.235,2.014,,,,,,,
-0.317,-0.524,0.789,9.155,-0.977,2.319,,,,,,,
-0.317,-0.523,0.783,8.545,-4.517,2.38,,,,,,,
-0.309,-0.525,0.8,8.057,-6.287,2.014,,,,,,,
-0.296,-0.533,0.752,7.385,-5.127,1.587,,,,,,,
-0.297,-0.539,0.771,9.277,-4.517,1.16,,,,,,,
-0.297,-0.542,0.77,10.803,-1.953,1.282,,,,,,,
-0.296,-0.547,0.767,12.146,1.465,1.892,,,,,,,
-0.166,0.66,-1.977,-127.136,-85.876,-26.794,,,,,,,
-0.11,0.75,-2.024,-158.142,-93.445,-32.715,,,,,,,
-0.088,0.817,-1.998,-190.247,-95.337,-38.269,,,,,,,
-0.055,0.828,-1.947,-219.543,-90.637,-42.847,,,,,,,
-0.048,0.804,-1.901,-244.568,-82.886,-46.265,,,,,,,
-0.021,0.748,-1.857,-266.296,-77.087,-46.814,,,,,,,
0.022,0.676,-1.773,-284.302,-74.219,-47.485,,,,,,,
0.074,0.57,-1.663,-300.903,-71.35,-51.636,,,,,,,
0.096,0.466,-1.557,-316.284,-61.218,-56.458,,,,,,,
0.096,0.405,-1.433,-326.599,-42.786,-59.57,,,,,,,
0.065,0.367,-1.333,-332.092,-20.996,-62.134,,,,,,,
0.015,0.347,-1.272,-335.51,-3.967,-63.904,,,,,,,
-0.031,0.318,-1.166,-340.515,5.798,-66.284,,,,,,,
-0.083,0.229,-1.01,-350.037,14.099,-69.214,,,,,,,
-0.142,0.135,-0.866,-358.948,28.992,-68.909,,,,,,,
-0.177,0.025,-0.697,-358.459,48.889,-64.087,,,,,,,
-0.208,-0.09,-0.551,-349.06,68.298,-53.772,,,,,,,
-0.243,-0.159,-0.484,-336.426,78.43,-41.504,,,,,,,
-0.257,-0.198,-0.408,-322.876,70.496,-30.396,,,,,,,
-0.248,-0.241,-0.338,-313.843,46.143,-21.973,,,,,,,
-0.205,-0.268,-0.33,-314.026,15.686,-20.508,,,,,,,
-0.12,-0.274,-0.291,-316.65,-10.254,-26.123,,,,,,,
-0.046,-0.301,-0.227,-318.909,-22.644,-33.63,,,,,,,
-0.036,-0.305,-0.205,-319.031,-19.836,-37.537,,,,,,,
-0.026,-0.305,-0.133,-314.27,-9.399,-39.063,,,,,,,
-0.044,-0.344,-0.037,-309.143,6.287,-37.903,,,,,,,
-0.062,-0.378,0.014,-303.711,27.771,-34.424,,,,,,,
-0.1,-0.393,0.093,-291.992,42.847,-33.386,,,,,,,
-0.112,-0.362,0.142,-279.053,49.744,-35.095,,,,,,,
-0.118,-0.328,0.207,-270.996,52.063,-37.17,,,,,,,
-0.141,-0.276,0.27,-269.409,54.871,-40.405,,,,,,,
-0.145,-0.256,0.363,-271.79,57.8,-43.762,,,,,,,
-0.162,-0.258,0.493,-274.048,59.326,-43.64,,,,,,,
-0.2,-0.261,0.605,-273.437,65.552,-36.621,,,,,,,
-0.186,-0.277,0.697,-269.165,74.097,-29.175,,,,,,,
-0.227,-0.296,0.808,-261.658,71.777,-24.475,,,,,,,
-0.234,-0.355,0.882,-253.235,66.65,-22.339,,,,,,,
-0.276,-0.368,0.948,-242.065,60.486,-18.677,,,,,,,
-0.293,-0.369,1.035,-227.844,49.561,-16.663,,,,,,,
-0.302,-0.352,1.044,-217.468,35.828,-15.869,,,,,,,
-0.319,-0.345,1.084,-208.923,20.142,-14.587,,,,,,,
-0.337,-0.343,1.111,-200.195,8.423,-12.573,,,,,,,
-0.34,-0.348,1.164,-192.81,2.441,-11.169,,,,,,,
-0.294,-0.348,1.182,-186.035,0.793,-11.902,,,,,,,
-0.275,-0.331,1.28,-177.734,1.892,-12.878,,,,,,,
-0.263,-0.295,1.41,-169.861,12.939,-13.611,,,,,,,
-0.249,-0.263,1.591,-163.757,32.654,-15.137,,,,,,,
-0.251,-0.315,1.78,-155.64,49.438,-20.02,,,,,,,
-0.254,-0.366,1.893,-142.456,58.533,-24.597,,,,,,,
-0.261,-0.409,1.967,-121.094,55.603,-26.184,,,,,,,
-0.271,-0.462,1.957,-94.971,41.626,-23.804,,,,,,,
-0.242,-0.522,1.819,-67.017,23.437,-18.616,,,,,,,
-0.21,-0.541,1.624,-37.964,6.165,-11.475,,,,,,,
-0.16,-0.546,1.399,-12.268,-6.409,-4.089,,,,,,,
-0.124,-0.546,1.152,5.737,-15.381,0.671,,,,,,,
-0.1,-0.551,0.918,16.357,-21.545,1.709,,,,,,,
-0.109,-0.577,0.737,22.217,-26.489,-0.549,,,,,,,
-0.13,-0.606,0.615,22.583,-27.588,-4.822,,,,,,,
-0.142,-0.636,0.5,18.066,-21.973,-10.681,,,,,,,
-0.169,-0.677,0.462,13.855,-15.198,-16.602,,,,,,,
-0.194,-0.712,0.443,10.864,-8.484,-20.874,,,,,,,
-0.235,-0.745,0.461,9.277,-2.686,-20.569,,,,,,,
-0.27,-0.746,0.487,9.766,1.77,-15.015,,,,,,,
-0.312,-0.734,0.542,10.864,0.854,-7.385,,,,,,,
-0.332,-0.713,0.596,10.315,-5.981,-3.174,,,,,,,
-0.342,-0.693,0.651,8.606,-14.771,-0.977,,,,,,,
-0.343,-0.677,0.691,7.629,-20.508,1.587,,,,,,,
-0.328,-0.648,0.697,6.47,-21.606,3.479,,,,,,,
-0.305,-0.644,0.695,4.089,-18.738,3.174,,,,,,,
-0.278,-0.659,0.705,1.709,-12.817,1.343,,,,,,,
-0.263,-0.687,0.72,1.099,-4.517,-0.977,,,,,,,
-0.264,-0.704,0.724,3.54,3.784,-2.197,,,,,,,
-0.257,-0.708,0.729,7.69,10.62,-1.953,,,,,,,
-0.268,-0.697,0.716,11.292,13.367,-0.793,,,,,,,
-0.273,-0.692,0.703,13.55,12.329,0.61,,,,,,,
-0.282,-0.686,0.685,14.404,8.118,2.502,,,,,,,
-0.279,-0.683,0.669,13.733,2.991,4.822,,,,,,,
-0.27,-0.678,0.653,11.963,-1.892,5.371,,,,,,,
-0.257,-0.681,0.63,9.399,-3.784,4.211,,,,,,,
-0.248,-0.687,0.623,7.141,-3.235,2.38,,,,,,,
-0.242,-0.701,0.623,5.188,-1.038,0.366,,,,,,,
-0.239,-0.706,0.616,4.395,2.136,-1.953,,,,,,,
-0.247,-0.709,0.627,4.639,5.249,-3.662,,,,,,,
-0.259,-0.711,0.636,5.249,7.324,-4.395,,,,,,,
-0.273,-0.705,0.648,6.104,7.568,-4.333,,,,,,,
-0.286,-0.7,0.656,7.019,5.798,-2.747,,,,,,,
-0.295,-0.695,0.664,6.958,2.075,-0.366,,,,,,,
-0.293,-0.696,0.666,6.409,-2.686,1.282,,,,,,,
-0.291,-0.687,0.66,5.737,-6.531,1.343,,,,,,,
-0.286,-0.679,0.652,5.066,-8.972,1.465,,,,,,,
-0.287,-0.681,0.64,3.784,-9.521,1.343,,,,,,,
-0.282,-0.683,0.639,2.502,-7.812,0.61,,,,,,,
-0.286,-0.694,0.642,1.892,-5.615,-0.366,,,,,,,
-0.289,-0.704,0.641,2.258,-2.869,-0.977,,,,,,,
-0.289,-0.708,0.651,3.723,0.977,-0.977,,,,,,,
-0.291,-0.708,0.658,5.615,4.578,-0.366,,,,,,,
-0.286,-0.703,0.675,7.324,5.981,0,,,,,,,
-0.287,-0.695,0.677,8.606,5.554,1.282,,,,,,,
-0.285,-0.691,0.688,9.521,3.906,2.869,,,,,,,
-0.284,-0.683,0.688,10.254,0.793,3.845,,,,,,,
-0.283,-0.682,0.687,10.742,-2.258,4.639,,,,,,,
-0.277,-0.674,0.673,10.864,-5.554,4.944,,,,,,,
-0.267,-0.674,0.654,9.583,-8.423,4.395,,,,,,,
-0.253,-0.684,0.64,7.629,-9.277,2.93,,,,,,,
-0.247,-0.705,0.625,6.409,-7.996,1.526,,,,,,,
-0.239,-0.731,0.61,6.714,-5.188,0.61,,,,,,,
-0.233,-0.743,0.604,8.362,-1.892,1.038,,,,,,,
-0.225,-0.747,0.596,10.315,1.648,1.16,,,,,,,
-0.23,-0.751,0.595,12.268,5.005,0.916,,,,,,,
-0.252,-0.743,0.602,14.038,8.362,1.282,,,,,,,
-0.275,-0.737,0.614,15.503,9.338,2.197,,,,,,,
-0.287,-0.721,0.618,14.526,7.08,2.747,,,,,,,
-0.291,-0.706,0.627,12.085,2.93,3.235,,,,,,,
-0.286,-0.704,0.626,8.118,-0.671,3.174,,,,,,,
-0.27,-0.719,0.619,3.723,-2.502,2.808,,,,,,,
-0.255,-0.741,0.625,0.61,-2.991,1.77,,,,,,,
-0.244,-0.752,0.631,-0.549,-1.709,1.16,,,,,,,
-0.24,-0.755,0.635,0.122,0.793,0.916,,,,,,,
-0.254,-0.749,0.632,1.709,4.272,1.16,,,,,,,
-0.181,0.761,-1.817,-158.752,-71.777,-25.879,,,,,,,
-0.161,0.824,-1.859,-186.035,-87.28,-30.029,,,,,,,
-0.101,0.843,-1.914,-213.684,-98.694,-30.212,,,,,,,
-0.014,0.762,-1.959,-238.342,-108.093,-29.053,,,,,,,
0.118,0.622,-1.966,-261.658,-112.793,-32.227,,,,,,,
0.173,0.523,-1.911,-283.997,-107.91,-39.551,,,,,,,
0.203,0.484,-1.815,-302.307,-87.585,-49.255,,,,,,,
0.181,0.463,-1.738,-315.674,-55.054,-57.983,,,,,,,
0.137,0.45,-1.678,-325.195,-24.17,-64.819,,,,,,,
0.066,0.428,-1.639,-335.449,-4.761,-71.777,,,,,,,
-0.024,0.381,-1.545,-347.961,6.165,-76.904,,,,,,,
-0.089,0.281,-1.413,-363.159,17.761,-79.346,,,,,,,
-0.142,0.148,-1.245,-376.343,25.94,-78.308,,,,,,,
-0.148,-0.014,-1.056,-383.85,34.18,-72.815,,,,,,,
-0.148,-0.155,-0.874,-384.216,47.302,-63.599,,,,,,,
-0.153,-0.24,-0.711,-375.366,64.331,-53.955,,,,,,,
-0.171,-0.273,-0.528,-359.924,79.895,-46.326,,,,,,,
-0.185,-0.277,-0.39,-348.022,88.867,-40.771,,,,,,,
-0.207,-0.277,-0.267,-344.482,87.097,-37.415,,,,,,,
-0.198,-0.305,-0.134,-345.703,73.975,-36.987,,,,,,,
-0.188,-0.322,-0.006,-346.191,53.223,-36.438,,,,,,,
-0.156,-0.351,0.084,-345.215,34.18,-34.546,,,,,,,
-0.105,-0.375,0.16,-341.614,19.47,-32.471,,,,,,,
-0.092,-0.405,0.234,-333.801,8.911,-31.006,,,,,,,
-0.1,-0.408,0.296,-320.435,7.08,-28.625,,,,,,,
-0.118,-0.38,0.378,-304.749,11.78,-26.367,,,,,,,
-0.139,-0.337,0.436,-292.297,18.433,-24.536,,,,,,,
-0.155,-0.281,0.496,-285.645,26.733,-24.902,,,,,,,
-0.172,-0.246,0.582,-282.776,36.743,-26.367,,,,,,,
-0.206,-0.245,0.682,-281.555,49.316,-27.283,,,,,,,
-0.247,-0.279,0.81,-275.269,59.509,-25.391,,,,,,,
-0.274,-0.298,0.9,-264.282,61.157,-19.714,,,,,,,
-0.278,-0.307,0.976,-251.038,49.133,-12.146,,,,,,,
-0.266,-0.327,0.997,-238.037,28.625,-4.333,,,,,,,
-0.243,-0.339,1.007,-224.121,8.911,3.357,,,,,,,
-0.224,-0.355,1.012,-208.252,-2.502,9.888,,,,,,,
-0.21,-0.353,1.026,-193.054,-5.798,13.794,,,,,,,
-0.207,-0.337,1.002,-182.373,-7.385,12.817,,,,,,,
-0.199,-0.334,0.995,-175.476,-7.996,9.46,,,,,,,
-0.181,-0.341,0.98,-170.471,-7.202,6.47,,,,,,,
-0.159,-0.365,0.956,-167.786,-4.639,2.38,,,,,,,
-0.151,-0.392,0.962,-164.795,-1.953,-2.991,,,,,,,
-0.154,-0.415,0.993,-160.095,1.587,-7.019,,,,,,,
-0.167,-0.44,1.03,-153.687,3.113,-10.315,,,,,,,
-0.193,-0.452,1.059,-146.301,1.892,-13.062,,,,,,,
-0.219,-0.424,1.098,-137.939,0.549,-14.16,,,,,,,
-0.252,-0.416,1.183,-129.761,-1.282,-14.465,,,,,,,
-0.245,-0.404,1.21,-122.986,-2.38,-12.634,,,,,,,
-0.234,-0.411,1.247,-115.051,-4.944,-9.338,,,,,,,
-0.207,-0.441,1.262,-105.774,-7.446,-7.019,,,,,,,
-0.188,-0.482,1.24,-95.581,-6.287,-6.714,,,,,,,
-0.183,-0.503,1.237,-82.458,-2.93,-8.484,,,,,,,
-0.188,-0.513,1.197,-69.824,-1.465,-11.658,,,,,,,
-0.195,-0.528,1.144,-57.922,-2.197,-13.245,,,,,,,
-0.193,-0.53,1.094,-45.593,-4.333,-12.329,,,,,,,
-0.208,-0.532,1.033,-35.034,-10.193,-9.583,,,,,,,
-0.211,-0.539,0.962,-27.832,-18.982,-7.019,,,,,,,
-0.211,-0.553,0.899,-22.339,-26.306,-5.798,,,,,,,
-0.207,-0.571,0.849,-17.212,-29.968,-5.127,,,,,,,
-0.206,-0.589,0.813,-12.085,-30.212,-5.005,,,,,,,
-0.208,-0.61,0.781,-6.531,-26.062,-5.127,,,,,,,
-0.217,-0.62,0.763,0.488,-17.395,-4.822,,,,,,,
-0.24,-0.62,0.747,7.874,-6.531,-4.456,,,,,,,
-0.26,-0.611,0.736,14.038,2.747,-4.089,,,,,,,
-0.264,-0.593,0.718,17.334,8.728,-3.967,,,,,,,
-0.28,-0.57,0.693,16.541,10.62,-4.333,,,,,,,
-0.292,-0.571,0.696,12.329,9.583,-5.249,,,,,,,
-0.31,-0.604,0.709,6.714,5.554,-6.348,,,,,,,
-0.31,-0.637,0.722,2.441,-0.854,-6.409,,,,,,,
-0.303,-0.653,0.719,1.099,-6.348,-5.432,,,,,,,
-0.293,-0.652,0.715,2.014,-9.888,-3.845,,,,,,,
-0.282,-0.656,0.717,4.028,-10.071,-1.648,,,,,,,
-0.276,-0.654,0.725,7.141,-7.019,1.16,,,,,,,
-0.27,-0.647,0.743,10.803,-3.357,2.93,,,,,,,
-0.264,-0.628,0.74,13.916,0.183,3.723,,,,,,,
-0.27,-0.606,0.734,16.357,3.723,4.639,,,,,,,
-0.27,-0.587,0.733,16.724,5.859,5.371,,,,,,,
-0.268,-0.587,0.726,13.916,5.615,4.7,,,,,,,
-0.27,-0.607,0.732,9.888,2.258,3.296,,,,,,,
-0.258,-0.632,0.73,6.775,-1.709,2.136,,,,,,,
-0.239,-0.662,0.725,6.042,-4.761,1.343,,,,,,,
-0.236,-0.7,0.74,8.789,-6.104,2.686,,,,,,,
-0.229,-0.718,0.749,15.198,-3.845,5.615,,,,,,,
-0.235,-0.71,0.755,24.597,1.892,8.545,,,,,,,
-0.232,-0.69,0.752,34.302,9.033,10.132,,,,,,,
-0.261,-0.614,0.737,39.551,13.306,11.353,,,,,,,
-0.266,-0.579,0.715,37.292,14.771,10.62,,,,,,,
-0.267,-0.587,0.676,27.771,13.733,7.629,,,,,,,
-0.27,-0.62,0.677,18.311,8.423,4.089,,,,,,,
-0.264,-0.662,0.68,11.047,3.113,1.282,,,,,,,
-0.248,-0.703,0.678,7.019,-1.038,-0.732,,,,,,,
-0.236,-0.723,0.668,7.08,-2.686,-0.916,,,,,,,
-0.236,-0.722,0.672,9.827,-2.136,0.061,,,,,,,
-0.24,-0.727,0.675,13.733,0.549,1.282,,,,,,,
-0.246,-0.694,0.668,18.494,4.7,3.418,,,,,,,
-0.264,-0.657,0.665,21.484,6.775,5.188,,,,,,,
-0.276,-0.63,0.664,20.142,4.883,5.493,,,,,,,
-0.284,-0.619,0.664,15.625,1.099,5.31,,,,,,,
-0.281,-0.624,0.663,10.376,-3.052,5.249,,,,,,,
-0.262,-0.639,0.658,5.554,-6.958,5.005,,,,,,,
-0.24,-0.669,0.661,2.686,-10.437,4.578,,,,,,,
-0.222,-0.695,0.67,2.502,-10.925,4.761,,,,,,,
-0.204,-0.7,0.661,5.249,-8.667,5.493,,,,,,,
-0.202,-0.688,0.663,9.094,-5.249,5.92,,,,,,,
-0.209,-0.683,0.662,11.963,-2.258,6.104,,,,,,,
-0.221,-0.677,0.672,13.977,0.732,5.981,,,,,,,
-0.233,-0.67,0.684,15.015,2.075,5.554,,,,,,,
-0.238,-0.666,0.685,14.099,0.916,4.578,,,,,,,
-0.234,-0.664,0.672,12.268,-1.16,3.479,,,,,,,
-0.227,-0.677,0.656,9.155,-2.319,1.953,,,,,,,
-0.223,-0.688,0.648,6.653,-2.625,-0.305,,,,,,,
-0.224,-0.704,0.644,4.822,-1.831,-1.709,,,,,,,
-0.229,-0.714,0.644,3.967,-0.793,-2.686,,,,,,,
-0.243,-0.725,0.651,4.639,-0.061,-2.686,,,,,,,
-0.255,-0.727,0.655,5.981,0.732,-1.587,,,,,,,
-0.264,-0.724,0.662,7.507,1.404,-0.305,,,,,,,
-0.265,-0.708,0.657,8.484,1.648,0.916,,,,,,,
-0.269,-0.7,0.653,8.057,1.16,1.77,,,,,,,
-0.268,-0.698,0.658,6.47,-0.122,1.892,,,,,,,
