aX,aY,aZ,gX,gY,gZ
-0.08,-1.379,1.457,-45.471,-43.701,12.207
-0.045,-1.533,1.54,-60.73,-64.941,13.184
-0.088,-1.612,1.649,-65.43,-83.069,9.216
-0.125,-1.604,1.683,-58.411,-87.463,-3.296
-0.144,-1.542,1.671,-37.781,-71.045,-26.367
-0.203,-1.489,1.618,-8.118,-38.879,-53.345
-0.29,-1.406,1.536,22.522,1.099,-80.261
-0.388,-1.286,1.456,50.354,39.307,-99.792
-0.443,-1.127,1.337,75.134,73.364,-103.21
-0.497,-0.913,1.185,92.59,101.257,-90.088
-0.406,-0.513,1.018,101.257,122.437,-61.829
-0.235,-0.077,0.838,100.952,139.282,-28.015
-0.085,0.137,0.655,84.534,133.606,-7.69
0.038,0.19,0.495,52.307,94.788,-1.77
0.122,0.264,0.421,12.268,40.405,5.554
0.276,0.444,0.333,-22.705,-6.897,20.63
0.47,0.732,0.253,-45.349,-42.114,35.767
0.661,1.019,0.176,-55.42,-65.43,39.185
0.802,1.312,0.129,-52.612,-67.139,22.888
0.881,1.553,0.089,-45.593,-35.583,-0.671
0.891,1.774,0.078,-45.349,13.611,-24.292
0.791,1.899,0.133,-59.814,56.702,-45.166
0.613,1.943,0.262,-90.454,78.674,-60.669
0.474,1.934,0.447,-131.836,70.007,-71.411
0.298,1.888,0.733,-173.218,38.086,-85.815
0.132,1.815,1.044,-198.73,3.479,-107.727
-0.136,1.7,1.377,-193.237,-12.939,-132.202
-0.475,1.515,1.645,-154.846,4.7,-148.193
-0.723,1.322,1.741,-94.604,55.603,-149.597
-0.882,1.126,1.657,-31.677,94.36,-132.935
-0.936,0.967,1.453,17.7,89.966,-101.196
-0.904,0.813,1.257,50.293,49.377,-58.105
-0.891,0.725,0.994,63.843,-13.245,-11.719
-0.688,0.581,0.747,63.416,-43.396,36.987
-0.393,0.431,0.592,56.946,-51.331,73.242
-0.1,0.258,0.494,46.814,-39.734,94.788
0.175,0.145,0.495,35.95,-17.395,102.783
0.376,0.07,0.537,25.269,0.793,99.487
0.471,0.045,0.625,13.855,15.442,85.327
0.472,0.06,0.749,4.089,25.818,64.392
0.387,0.089,0.853,0.244,31.372,43.396
0.304,0.135,0.915,3.052,32.471,27.832
0.224,0.175,0.948,7.568,27.893,17.456
0.178,0.172,0.928,12.451,20.447,12.39
0.19,0.172,0.881,15.259,10.254,12.207
0.198,0.149,0.816,12.634,-0.916,14.282
0.182,0.121,0.766,4.944,-8.85,12.817
0.159,0.116,0.757,-5.31,-11.597,8.972
0.131,0.131,0.774,-15.259,-9.094,5.798
0.106,0.165,0.819,-23.193,-3.418,3.235
0.073,0.194,0.895,-28.748,3.479,2.197
0.086,0.204,0.953,-29.724,10.681,5.066
0.092,0.212,1.005,-25.513,15.625,8.789
0.103,0.222,1.041,-17.456,18.005,10.986
0.118,0.218,1.058,-8.911,18.738,12.329
0.13,0.221,1.05,-1.16,15.93,13.489
0.131,0.219,1.023,5.31,10.376,12.512
0.113,0.229,0.989,9.46,3.784,9.155
0.108,0.231,0.94,11.353,-1.343,6.042
0.093,0.216,0.894,10.437,-5.432,5.066
0.069,0.224,0.878,6.775,-8.057,4.395
0.061,0.233,0.893,0.732,-7.385,3.845
0.054,0.244,0.93,-5.188,-4.211,4.517
0.044,0.259,0.983,-7.69,0.244,6.165
0.067,0.266,1.026,-6.042,4.7,9.033
0.095,0.255,1.05,-1.77,6.897,12.024
0.115,0.248,1.057,2.808,4.089,11.963
0.11,0.247,1.045,7.019,-0.305,9.46
0.096,0.243,1.022,9.949,-3.357,6.104
0.077,0.245,0.987,11.902,-4.761,3.601
0.068,0.246,0.953,12.207,-5.615,2.441
0.068,0.247,0.931,9.705,-5.981,2.319
0.075,0.232,0.918,5.371,-6.531,2.93
0.084,0.224,0.923,1.038,-6.531,3.113
0.091,0.229,0.951,-2.014,-4.822,2.747
0.098,0.23,0.984,-3.357,-2.258,1.099
0.081,0.238,1.01,-2.258,1.465,-0.671
0.088,0.235,1.024,1.465,5.005,-0.366
0.098,0.225,1.012,5.981,5.798,1.404
0.1,0.223,0.996,9.155,3.479,1.77
0.095,0.22,0.972,10.193,0.366,0.427
0.08,0.215,0.942,9.46,-2.625,-0.61
0.059,0.214,0.917,7.263,-5.615,-1.282
0.04,0.22,0.91,4.089,-8.545,-1.709
0.026,0.233,0.913,-0.122,-9.644,-1.953
0.017,0.24,0.924,-3.296,-8.667,-1.526
0.02,0.24,0.935,-4.883,-6.409,-0.427
0.021,0.237,0.954,-4.639,-4.944,-0.61
0.021,0.24,0.966,-2.563,-3.174,-1.404
0.034,0.238,0.966,0.61,-1.16,-1.892
0.031,0.238,0.97,3.906,0.671,-0.977
0.039,0.232,0.959,5.981,1.465,1.16
0.045,0.233,0.953,7.446,0.732,2.747
0.045,0.229,0.941,7.263,-0.427,3.235
0.038,0.23,0.938,6.531,-1.77,2.93
0.026,0.237,0.94,5.554,-2.38,2.625
0.02,0.24,0.947,4.456,-1.831,2.625
0.035,0.232,0.959,3.601,-0.183,2.625
0.047,0.234,0.97,2.869,0.61,2.441
0.057,0.242,0.979,2.502,-0.305,1.404
0.074,0.229,0.976,2.014,-2.93,0.977
0.08,0.215,0.967,1.343,-6.897,1.526
0.072,0.21,0.962,0.732,-11.414,1.343
0.062,0.217,0.955,0.061,-13.977,0.854
0.044,0.234,0.951,-0.732,-14.16,0.427
0.024,0.23,0.95,-0.793,-11.353,0
0.002,0.231,0.95,-0.244,-6.165,-0.244
-0.014,0.243,0.952,0.061,-1.221,0
-0.013,0.248,0.97,-0.061,4.211,0.366
0.003,0.247,0.988,-0.427,9.216,1.221
0.034,0.241,1.001,0.366,12.024,2.686
0.057,0.236,1.005,3.174,11.597,4.333
0.077,0.229,0.999,6.409,8.972,5.432
0.09,0.218,0.978,8.301,5.92,5.249
0.09,0.2,0.965,8.667,3.052,4.15
0.085,0.208,0.963,8.545,1.099,2.747
0.077,0.204,0.97,8.423,-0.244,0.427
0.058,0.209,0.974,9.033,-0.549,-2.441
0.037,0.214,0.969,9.338,0.488,-4.395
-0.255,-1.386,1.138,-30.823,-45.166,-4.578
-0.22,-1.445,1.145,-28.87,-52.734,-1.587
-0.176,-1.498,1.146,-25.635,-64.819,-0.061
-0.151,-1.505,1.125,-21.362,-75.745,-4.639
-0.061,-1.454,1.077,-13.672,-83.252,-13.062
-0.025,-1.359,1.006,-2.93,-83.191,-23.926
0.037,-1.235,0.931,9.949,-66.65,-39.795
0.075,-1.076,0.871,20.813,-33.813,-57.312
0.111,-0.873,0.841,23.315,6.104,-72.021
0.059,-0.697,0.887,16.541,40.955,-81.604
-0.055,-0.577,0.974,5.127,64.758,-83.74
-0.149,-0.508,1.034,-6.592,77.515,-71.106
-0.114,-0.3,1.044,-11.536,78.491,-40.161
0.155,0.315,1.025,-1.953,71.411,0.488
0.297,0.966,1.056,16.296,68.542,33.02
0.288,1.401,1.142,28.259,70.007,39.612
0.212,1.519,1.16,32.593,72.388,26.611
0.169,1.233,1.087,41.016,72.754,11.475
0.175,0.979,0.921,51.819,59.448,6.836
0.201,0.72,0.732,58.96,42.297,20.447
0.265,0.728,0.555,56.152,31.433,42.725
0.356,0.837,0.447,35.767,26.489,63.232
0.419,0.977,0.353,-4.578,19.714,75.806
0.387,1.112,0.405,-53.711,-1.221,76.294
0.356,1.221,0.556,-101.44,-19.409,69.519
0.352,1.306,0.747,-135.193,-26.611,55.603
0.282,1.354,0.958,-143.127,-29.785,35.583
0.203,1.4,1.173,-123.535,-20.325,11.475
0.121,1.476,1.318,-79.224,0,-14.648
0.004,1.419,1.311,-23.743,27.649,-37.659
-0.09,1.286,1.192,18.555,55.115,-55.481
-0.201,1.152,1.106,31.25,69.824,-63.049
-0.278,0.982,1.054,12.817,61.584,-56.824
-0.32,0.824,1.003,-20.691,24.841,-41.687
-0.361,0.705,0.994,-49.622,-28.625,-20.874
-0.355,0.633,1.016,-63.293,-75.378,1.343
-0.273,0.552,1.053,-58.899,-91.858,19.226
-0.182,0.472,1.077,-36.56,-75.439,25.574
-0.106,0.372,1.054,-4.15,-38.635,21.118
-0.04,0.297,0.979,26.794,-1.16,16.296
0,0.27,0.884,45.898,22.644,15.869
0.043,0.233,0.802,49.927,28.992,19.531
0.108,0.238,0.739,41.077,24.353,23.865
0.129,0.192,0.718,24.231,15.137,24.658
0.155,0.17,0.736,6.592,5.188,24.414
0.191,0.153,0.776,-8.118,-2.502,23.865
0.228,0.132,0.85,-16.602,-8.545,18.677
0.223,0.107,0.924,-16.724,-12.146,8.301
0.19,0.114,0.96,-10.254,-10.742,-2.014
0.141,0.135,0.951,-2.38,-7.324,-9.155
0.091,0.148,0.933,2.014,-6.714,-13.733
0.049,0.158,0.911,2.197,-8.545,-14.893
0,0.186,0.898,-0.244,-10.315,-14.16
-0.04,0.214,0.919,-3.357,-9.949,-12.939
-0.043,0.213,0.942,-6.47,-6.836,-9.338
-0.015,0.209,0.945,-7.019,-1.953,-4.089
0.014,0.231,0.968,-6.775,3.662,-0.427
0.052,0.251,1.008,-7.446,9.277,0.61
0.066,0.241,1.048,-7.935,13.245,-2.319
0.045,0.257,1.071,-6.958,13.916,-6.592
0.002,0.267,1.1,-4.7,11.902,-9.094
0.001,0.263,1.095,-1.343,9.399,-7.08
0.002,0.251,1.072,2.808,5.371,-3.357
0.034,0.224,1.049,6.104,-0.305,-0.061
0.059,0.198,1.005,7.69,-5.981,3.54
0.055,0.181,0.971,8.911,-10.254,5.066
0.052,0.187,0.94,10.01,-9.644,4.578
0.034,0.206,0.926,9.644,-4.578,3.967
0.031,0.212,0.925,7.874,3.296,2.93
0.026,0.213,0.934,5.615,11.23,0.366
0.019,0.227,0.956,3.296,16.602,-1.953
0.023,0.237,0.993,0.427,18.799,-3.113
0.017,0.217,1.031,-0.61,16.724,-1.77
0.039,0.187,1.048,3.784,11.292,3.906
0.072,0.168,1.027,11.292,5.188,11.047
0.102,0.159,0.993,17.273,-0.671,13.855
0.092,0.139,0.948,18.982,-3.662,13.367
0.068,0.144,0.916,17.029,-3.967,11.169
0.034,0.171,0.902,12.085,-2.197,8.24
0.017,0.197,0.91,4.517,-0.244,5.31
0.007,0.2,0.937,-2.747,1.526,2.441
0.01,0.204,0.968,-7.874,4.211,0.671
0.02,0.222,1.007,-10.742,7.141,-0.183
0.007,0.215,1.052,-10.071,7.69,-0.183
0.026,0.202,1.065,-5.188,7.08,2.258
0.056,0.182,1.034,1.831,5.188,5.676
0.066,0.166,0.999,7.69,1.099,7.141
0.066,0.165,0.967,10.254,-2.808,7.568
0.062,0.166,0.94,10.071,-5.493,7.812
0.054,0.158,0.92,8.362,-6.531,6.775
0.053,0.164,0.917,6.348,-5.005,4.761
0.047,0.184,0.924,3.174,-1.465,2.136
0.039,0.183,0.938,-0.793,2.991,-0.061
0.036,0.19,0.957,-3.845,6.592,-1.099
0.044,0.193,0.978,-5.981,8.179,-0.977
0.045,0.182,1.002,-6.226,7.141,0.427
0.057,0.17,1.008,-3.174,4.456,2.808
0.091,0.159,1,1.709,2.258,3.906
0.084,0.161,0.975,5.859,1.16,4.211
0.065,0.168,0.949,7.568,0.793,3.052
0.051,0.177,0.93,6.165,1.038,1.038
0.032,0.189,0.928,2.93,0.671,0.305
0.024,0.199,0.936,0.183,0.854,0.366
0.024,0.214,0.944,-1.526,2.441,1.221
0.025,0.217,0.956,-2.869,4.578,2.258
0.04,0.216,0.984,-4.028,5.249,3.235
0.066,0.198,1.001,-3.662,4.089,4.15
0.081,0.191,1.007,-1.282,2.136,3.906
0.084,0.193,1.001,1.892,0.977,3.052
0.077,0.183,0.978,3.784,0.61,2.258
0.062,0.18,0.962,4.272,-1.038,1.404
0.051,0.186,0.945,3.479,-2.93,1.404
0.046,0.195,0.939,1.16,-4.333,1.465
0.042,0.184,0.955,-0.977,-4.7,1.892
0.03,0.185,0.968,-1.038,-3.357,3.296
0.031,0.199,0.98,0.977,-0.549,4.822
0.034,0.194,0.995,3.296,2.991,6.47
0.052,0.189,1.002,5.127,5.554,8.057
0.066,0.187,1.01,6.287,6.531,8.972
0.205,1.134,1.212,-84.534,-43.457,-9.094
0.058,1.058,1.2,-55.481,-19.165,-27.649
-0.053,0.994,1.123,-17.7,15.808,-34.607
-0.117,0.918,1.04,8.789,46.021,-32.898
-0.137,0.826,0.995,13.306,54.688,-23.193
-0.138,0.729,0.977,0.305,38.696,-6.042
-0.043,0.66,1.003,-19.226,5.92,12.268
0.07,0.588,1.06,-34.302,-29.236,22.217
0.091,0.5,1.103,-37.842,-52.612,20.752
0.065,0.436,1.156,-27.649,-57.129,14.038
0.052,0.363,1.174,-6.042,-46.204,9.155
0.051,0.332,1.119,21.24,-26.794,8.728
0.073,0.332,1.029,44.006,-8.789,10.803
0.072,0.272,0.916,52.49,2.075,14.832
0.094,0.211,0.818,47.119,5.188,18.738
0.103,0.197,0.76,34.424,0.977,22.766
0.137,0.178,0.774,17.822,-5.249,23.987
0.171,0.176,0.829,2.563,-9.583,18.677
0.178,0.151,0.909,-6.409,-8.911,7.263
0.154,0.167,0.977,-7.812,-4.089,-3.784
0.095,0.194,1.022,-5.737,-0.61,-9.399
0.072,0.198,1.027,-3.296,-1.16,-10.498
0.059,0.206,0.997,-1.099,-4.944,-9.399
0.05,0.215,0.961,0.549,-9.277,-7.446
0.042,0.193,0.9,-0.244,-12.268,-4.761
0.047,0.188,0.832,-2.38,-13.855,-2.136
0.04,0.177,0.795,-5.676,-13.367,-0.427
0.064,0.162,0.786,-10.498,-11.108,-0.793
0.055,0.149,0.804,-14.343,-7.874,-4.333
0.03,0.163,0.846,-16.785,-2.502,-9.094
0.003,0.191,0.902,-18.25,4.578,-11.353
-0.012,0.208,0.977,-17.456,11.597,-10.925
-0.009,0.228,1.034,-13.672,14.832,-8.85
-0.011,0.23,1.088,-7.08,12.512,-5.066
0.021,0.215,1.09,0.183,8.728,-0.244
0.053,0.204,1.051,6.836,4.333,5.249
0.067,0.198,0.998,10.925,-0.916,9.155
0.078,0.205,0.952,10.376,-5.371,9.705
0.065,0.197,0.918,6.714,-8.362,6.714
0.028,0.198,0.903,1.16,-8.728,2.625
-0.006,0.201,0.911,-4.822,-7.019,0
-0.022,0.209,0.949,-9.216,-4.883,-1.587
-0.025,0.216,0.993,-10.742,-2.258,-2.075
-0.031,0.227,1.034,-8.423,1.343,-1.465
-0.031,0.215,1.067,-3.296,4.395,1.099
-0.004,0.193,1.058,2.991,5.676,6.226
0.027,0.184,1.027,9.521,4.456,10.986
0.069,0.195,1.003,13.306,2.441,12.817
0.095,0.186,0.98,13.55,0.732,11.597
0.104,0.182,0.959,12.512,0,6.836
0.073,0.184,0.934,10.315,0.854,0.916
0.043,0.183,0.923,6.409,2.563,-2.93
0.024,0.193,0.923,1.587,4.15,-4.578
0.006,0.201,0.945,-2.197,6.165,-4.761
-0.004,0.204,0.969,-4.272,7.019,-3.784
0.002,0.2,0.989,-5.249,3.906,-1.526
0.032,0.19,0.993,-5.493,-1.465,1.587
0.073,0.176,0.995,-4.761,-6.226,3.662
0.094,0.164,0.993,-2.258,-8.728,2.563
0.084,0.153,0.974,1.587,-6.836,-0.305
0.066,0.167,0.952,4.944,-2.075,-3.235
0.041,0.182,0.93,5.676,2.319,-5.066
0.017,0.187,0.914,3.052,5.371,-5.31
0.003,0.195,0.923,-1.099,5.493,-4.272
-0.005,0.189,0.941,-4.272,4.395,-1.587
0.014,0.181,0.952,-5.798,4.028,2.38
0.051,0.182,0.964,-5.493,3.113,6.165
0.077,0.183,0.973,-4.028,1.282,7.935
0.078,0.175,0.99,-1.831,-1.404,7.446
0.078,0.172,0.993,1.465,-2.014,5.798
0.075,0.18,0.991,4.761,-1.709,3.906
0.06,0.195,0.976,6.409,-1.953,1.892
0.034,0.203,0.958,6.287,-3.418,0.183
0.015,0.215,0.936,3.845,-4.395,-0.183
0.001,0.219,0.925,0.366,-3.967,0.488
-0.011,0.216,0.932,-2.808,-2.93,0.916
-0.012,0.212,0.953,-4.822,-1.892,1.587
-0.006,0.216,0.979,-4.822,-1.709,2.93
0.013,0.212,1.005,-3.784,-1.221,4.517
0.054,0.19,1.018,-1.648,-0.061,6.042
0.074,0.168,1,2.319,0.916,6.042
0.073,0.169,0.98,7.812,0.61,4.272
0.06,0.164,0.947,11.047,0.549,2.258
0.051,0.169,0.919,11.353,0.061,1.587
0.044,0.178,0.901,8.606,-0.183,1.404
0.039,0.188,0.906,3.845,-1.16,1.343
0.032,0.191,0.923,-1.709,-2.014,1.16
0.028,0.19,0.937,-5.981,-2.075,1.16
0.029,0.202,0.964,-7.751,-1.526,0.854
0.027,0.198,1,-7.202,0.183,0.61
0.042,0.195,1.014,-4.15,3.235,0.854
0.05,0.195,1.017,1.099,5.676,0.977
0.049,0.193,1.007,6.409,6.775,0.977
0.052,0.193,0.987,9.033,6.348,1.831
0.054,0.196,0.957,9.277,3.174,2.686
0.046,0.178,0.919,7.385,-1.953,3.235
0.04,0.179,0.9,4.089,-5.737,3.601
0.035,0.19,0.89,0,-7.996,3.784
0.022,0.187,0.891,-3.845,-7.812,3.479
0.021,0.19,0.91,-6.104,-5.554,2.808
0.026,0.195,0.95,-7.08,-1.77,2.014
0.044,0.196,1,-6.531,3.662,1.709
0.069,0.18,1.04,-3.601,8.423,1.099
0.067,0.175,1.056,1.831,10.498,-0.671
0.054,0.18,1.047,7.812,9.46,-0.427
0.053,0.179,1.014,11.658,6.287,2.258
0.051,0.175,0.967,12.695,0.977,4.639
0.039,0.183,0.928,11.23,-4.333,5.066
0.025,0.191,0.908,6.775,-8.728,4.395
0.011,0.186,0.906,0.916,-10.437,3.418
0.01,0.187,0.917,-3.54,-9.033,2.747
0.013,0.195,0.942,-5.798,-5.798,2.319
0.023,0.203,0.969,-6.348,-2.197,2.014
0.035,0.191,0.991,-5.92,1.526,1.038
0.032,0.189,1.001,-3.723,4.578,-0.183
0.023,0.194,1.006,-0.671,5.615,-0.305
0.023,0.187,0.998,2.38,4.15,0.793
0.027,0.193,0.976,4.761,1.526,2.258
0.026,0.198,0.95,5.615,-1.648,2.869
-0.15,-1.372,1.067,-75.5,-45.41,-27.954
-0.218,-1.386,1.155,-78.796,-47.424,-34.119
-0.257,-1.427,1.202,-75.378,-49.011,-37.659
-0.272,-1.398,1.231,-64.27,-55.603,-38.879
-0.294,-1.309,1.248,-44.983,-65.552,-37.659
-0.289,-1.161,1.236,-18.921,-70.862,-32.715
-0.208,-0.929,1.177,12.695,-71.472,-24.109
-0.085,-0.582,1.044,47.424,-67.2,-10.803
0.077,-0.203,0.872,82.092,-48.523,3.723
0.158,0.104,0.77,108.704,-11.536,11.414
0.147,0.164,0.709,118.469,37.109,9.888
0.229,0.123,0.667,110.474,83.13,6.409
0.277,0.076,0.579,92.285,103.333,2.563
0.303,0.178,0.602,73.73,93.384,-0.61
0.445,0.631,0.652,60.181,72.205,6.592
0.493,1.185,0.8,50.415,55.786,19.531
0.528,1.747,0.94,33.691,45.776,22.278
0.418,2.147,1.103,7.996,28.32,8.362
0.185,1.983,1.13,-22.827,12.146,-8.789
0.021,1.661,1.096,-56.335,7.141,-20.691
-0.058,1.409,0.988,-80.627,2.197,-21.667
-0.073,1.289,0.934,-90.759,-17.151,-16.357
-0.115,1.212,0.918,-91.553,-32.288,-11.658
-0.145,1.187,0.962,-86.426,-20.813,-7.385
-0.115,1.192,1.063,-78.979,4.517,-1.038
-0.09,1.139,1.183,-71.35,20.447,3.662
-0.05,1.118,1.327,-62.256,19.531,3.784
-0.019,1.079,1.429,-49.438,5.371,-1.16
-0.071,1.032,1.445,-33.386,-13.55,-9.338
-0.147,0.942,1.35,-16.846,-26.428,-13.489
-0.216,0.847,1.184,-1.648,-28.87,-9.521
-0.285,0.704,0.994,10.559,-24.048,-1.953
-0.318,0.589,0.885,19.714,-15.32,6.042
-0.26,0.51,0.83,23.01,-6.042,16.663
-0.18,0.429,0.8,19.592,-2.93,27.283
-0.105,0.332,0.803,12.39,-5.31,35.767
-0.005,0.276,0.829,3.784,-9.094,41.565
0.078,0.21,0.873,-2.319,-11.841,40.955
0.135,0.12,0.904,-2.258,-11.353,33.569
0.151,0.097,0.897,3.906,-7.202,24.292
0.14,0.119,0.887,10.925,-1.16,15.015
0.128,0.111,0.853,13.733,6.592,7.141
0.107,0.1,0.823,11.169,10.315,0.488
0.074,0.137,0.829,5.127,8.606,-3.906
0.016,0.155,0.862,-3.052,3.54,-5.493
-0.005,0.164,0.885,-10.803,0.183,-4.883
-0.054,0.155,0.944,-14.099,-3.54,-1.709
-0.022,0.141,0.985,-13.428,-6.531,5.066
0.025,0.132,0.999,-9.583,-10.193,10.559
0.039,0.142,0.991,-2.319,-15.564,9.949
0.02,0.15,0.954,4.883,-17.395,5.249
-0.019,0.177,0.892,9.277,-13.672,-0.305
-0.087,0.198,0.836,8.85,-7.202,-5.371
-0.127,0.232,0.821,4.456,0.427,-9.521
-0.136,0.282,0.844,-3.357,8.545,-11.902
-0.15,0.32,0.884,-12.146,14.526,-13.184
-0.156,0.322,0.98,-18.921,19.165,-13.184
-0.129,0.303,1.068,-22.034,22.461,-10.437
-0.095,0.26,1.132,-18.921,21.179,-5.798
-0.038,0.219,1.14,-10.01,15.93,-1.221
-0.015,0.202,1.104,-0.305,8.24,2.136
-0.016,0.21,1.051,6.592,1.282,2.441
-0.051,0.204,0.997,9.949,-3.418,0.488
-0.086,0.217,0.949,10.986,-5.798,-0.366
-0.128,0.244,0.918,9.399,-6.165,-0.244
-0.155,0.262,0.913,5.127,-4.395,0.488
-0.161,0.248,0.926,-0.305,-2.197,1.648
-0.147,0.241,0.948,-4.272,0.732,4.272
-0.115,0.219,0.967,-5.92,3.845,7.141
-0.071,0.195,0.968,-6.104,6.592,8.85
-0.033,0.176,0.957,-5.127,9.094,8.545
-0.014,0.154,0.949,-4.15,10.559,4.211
-0.012,0.147,0.945,-3.052,11.719,-1.404
-0.027,0.143,0.934,-2.93,12.573,-5.798
-0.022,0.174,0.941,-3.723,11.597,-8.728
-0.032,0.198,0.947,-5.92,9.888,-9.949
-0.056,0.227,0.958,-8.606,7.568,-10.132
-0.098,0.248,0.993,-9.827,5.31,-8.728
-0.142,0.255,1.022,-7.69,3.906,-3.967
-0.154,0.269,1.039,-1.16,4.333,3.296
-0.135,0.275,1.043,7.385,5.676,11.23
-0.09,0.265,1.028,14.648,6.531,17.395
-0.056,0.239,0.997,19.958,7.874,19.775
-0.033,0.223,0.971,22.4,10.254,18.921
-0.023,0.217,0.946,20.691,11.414,17.212
-0.019,0.195,0.927,15.93,9.46,15.32
-0.015,0.172,0.918,10.498,4.395,13.062
-0.012,0.167,0.92,6.165,0,11.658
-0.014,0.173,0.929,2.197,-2.197,10.437
-0.011,0.173,0.946,-0.793,-3.052,8.789
0,0.173,0.965,-1.892,-2.136,6.287
-0.003,0.183,0.986,-1.526,-0.732,3.723
-0.012,0.184,0.996,-0.244,0.183,1.099
-0.029,0.188,0.991,1.953,0,0.61
-0.036,0.183,0.974,3.723,-0.488,1.587
-0.03,0.177,0.953,3.967,-0.977,3.357
-0.018,0.17,0.93,2.319,-1.343,5.432
-0.012,0.166,0.915,-0.916,-1.953,6.165
-0.002,0.17,0.913,-4.456,-1.77,4.944
0.003,0.172,0.925,-7.69,-0.61,2.502
0.008,0.173,0.946,-9.277,2.197,-0.183
0.02,0.177,0.977,-8.423,5.249,-2.625
0.02,0.176,0.997,-5.066,7.568,-4.944
0.002,0.188,1.001,-0.793,9.888,-6.287
-0.017,0.194,1.001,3.296,11.108,-5.92
-0.019,0.213,0.99,6.348,10.986,-3.418
-0.025,0.227,0.977,7.385,9.155,-0.244
-0.024,0.229,0.962,6.165,5.798,2.808
-0.009,0.226,0.955,3.235,2.441,4.883
0,0.218,0.952,-0.427,-0.366,5.92
0,0.207,0.954,-3.113,-2.014,6.042
-0.001,0.198,0.957,-4.395,-2.502,6.042
0.018,0.19,0.969,-4.333,-2.197,5.859
0.041,0.176,0.974,-3.174,-2.075,3.784
0.03,0.171,0.987,-0.427,-0.732,0.366
0.01,0.172,0.997,3.113,0.977,-0.977
0.004,0.177,0.989,6.409,1.404,0
0.001,0.186,0.974,8.301,0.61,1.587
-0.005,0.199,0.958,8.606,-1.648,2.563
-0.544,-2.542,1.238,-50.781,-72.754,19.043
-0.548,-3.122,1.232,-71.533,-96.558,24.78
-0.267,-3.336,1.118,-81.665,-107.239,22.644
0.14,-3.21,0.965,-78.125,-92.041,2.136
0.559,-2.869,0.87,-69.458,-50.903,-44.128
0.711,-2.48,0.861,-66.101,-4.883,-108.215
0.538,-2.11,0.965,-66.528,23.804,-164.856
0.319,-1.673,1.082,-54.504,40.405,-197.51
0.078,-0.927,1.216,-14.587,71.838,-193.787
-0.065,0.163,1.319,60.791,141.113,-148.682
-0.319,1.001,1.525,148.56,231.445,-59.082
-0.399,1.428,1.31,187.622,273.682,61.584
0.2,1.857,0.703,156.982,202.209,154.175
0.799,1.964,0.559,98.694,11.597,171.631
0.801,1.696,0.672,34.607,-196.228,121.094
0.664,1.577,0.488,-21.301,-304.443,59.143
0.604,1.633,0.532,-33.752,-297.241,19.714
0.403,1.844,0.6,-15.747,-199.463,1.587
0.205,1.957,0.666,3.906,-48.218,-11.414
0.005,1.992,0.679,2.319,53.467,-28.87
-0.306,2.06,0.78,-30.151,81.055,-36.56
-0.62,1.942,1.02,-77.087,69.214,-23.865
-0.695,1.787,1.268,-114.685,40.771,2.38
-0.562,1.593,1.506,-123.535,-4.578,28.992
-0.287,1.394,1.532,-92.346,-54.443,36.255
-0.134,1.229,1.428,-35.706,-75.012,22.217
-0.092,1.069,1.223,13,-37.354,5.676
-0.06,0.887,1.023,37.598,23.987,-3.967
-0.072,0.683,0.849,37.048,58.289,-8.606
-0.077,0.518,0.791,16.724,55.969,-10.62
-0.032,0.381,0.746,-12.329,32.898,-9.033
0.015,0.311,0.796,-39.551,7.935,-9.033
0.036,0.298,0.9,-54.626,-9.155,-10.315
0.063,0.312,1.018,-52.673,-15.503,-8.728
0.094,0.297,1.063,-35.828,-14.465,-5.554
0.118,0.339,1.053,-12.512,-5.615,-4.211
0.113,0.355,1.011,5.127,6.409,-6.287
0.09,0.341,0.957,12.146,13.794,-8.972
0.085,0.313,0.911,10.498,12.39,-9.155
0.097,0.275,0.887,3.357,3.418,-6.531
0.09,0.215,0.857,-5.737,-7.507,-2.563
0.114,0.173,0.843,-13.184,-17.517,0.488
0.135,0.152,0.83,-17.883,-23.804,0.244
0.111,0.167,0.821,-18.86,-25.818,-3.296
0.07,0.206,0.807,-17.09,-21.667,-8.362
0.036,0.278,0.821,-15.442,-12.817,-14.038
-0.038,0.332,0.878,-13.428,-4.272,-17.517
-0.076,0.332,0.913,-8.85,3.479,-17.456
-0.08,0.355,0.925,-1.526,10.681,-13.489
-0.081,0.33,0.936,4.944,14.465,-7.324
-0.052,0.282,0.922,7.751,15.198,-0.183
-0.014,0.252,0.906,8.911,14.343,7.263
0.023,0.235,0.882,8.362,12.268,12.817
0.073,0.239,0.879,5.127,11.292,15.442
0.119,0.239,0.898,-0.122,10.742,12.634
0.106,0.234,0.931,-3.418,10.01,3.662
0.08,0.233,0.972,-3.418,11.108,-4.333
0.085,0.237,0.989,-2.38,12.939,-9.155
0.068,0.244,1.001,-0.305,10.193,-13.794
0.017,0.266,1.019,2.93,6.165,-15.381
-0.026,0.268,1.02,6.226,2.502,-10.803
-0.034,0.243,1.001,9.033,-1.709,-2.808
-0.008,0.234,0.963,11.23,-4.944,5.92
0.009,0.246,0.932,10.62,-7.69,12.085
0.018,0.253,0.918,6.531,-8.972,13.794
0.028,0.246,0.917,1.587,-8.24,12.878
0.016,0.246,0.918,-1.343,-5.92,9.399
-0.003,0.259,0.929,-2.075,-2.991,5.554
-0.004,0.27,0.943,-2.38,-0.061,2.808
-0.019,0.259,0.959,-2.014,2.441,0.061
-0.034,0.274,0.979,-0.305,4.822,-1.465
-0.034,0.294,0.995,2.319,6.348,-1.709
-0.04,0.283,0.992,4.761,7.69,-0.61
-0.017,0.262,0.974,6.714,7.324,0.488
-0.007,0.249,0.943,7.446,5.554,1.16
-0.008,0.254,0.922,5.798,5.432,1.587
0.001,0.249,0.918,1.892,5.676,0.916
0.009,0.237,0.926,-2.38,5.554,-1.099
0.025,0.233,0.937,-5.005,5.798,-3.601
0.028,0.226,0.946,-6.165,6.226,-6.592
0.02,0.234,0.956,-6.775,7.08,-8.728
-0.012,0.242,0.975,-6.775,8.057,-8.667
-0.031,0.237,0.988,-5.31,7.507,-5.92
-0.03,0.233,0.994,-2.319,5.249,-1.465
-0.014,0.234,0.988,0.549,2.258,4.272
0.005,0.24,0.972,2.014,0.183,9.094
0.016,0.244,0.958,2.136,-1.282,11.169
0.026,0.249,0.947,0.916,-1.892,11.23
0.036,0.25,0.945,-1.038,-2.441,9.827
0.036,0.242,0.955,-2.258,-2.075,6.47
0.031,0.238,0.968,-2.258,0.244,3.418
0.04,0.244,0.971,-1.099,3.418,1.404
0.041,0.254,0.97,0.549,4.944,-0.488
0.025,0.254,0.974,0.977,5.371,-0.854
0.015,0.251,0.974,0.916,4.089,0.366
0.015,0.258,0.971,1.526,1.404,2.686
0.016,0.264,0.964,2.136,-0.916,4.517
0.023,0.264,0.956,2.014,-1.77,5.371
0.032,0.254,0.951,1.221,-1.526,4.517
0.034,0.241,0.95,0.977,-0.366,3.174
0.044,0.236,0.943,0.793,2.014,1.831
0.038,0.226,0.942,0.244,3.967,1.038
0.037,0.228,0.942,-0.549,4.272,1.282
0.048,0.237,0.943,-1.282,3.479,2.014
0.035,0.24,0.953,-2.014,1.465,2.197
0.036,0.233,0.969,-1.831,-1.038,2.808
0.049,0.228,0.971,-0.793,-2.441,3.113
0.048,0.233,0.966,1.282,-3.052,3.54
0.041,0.237,0.956,2.258,-3.235,3.662
0.032,0.241,0.946,2.38,-2.991,3.296
0.026,0.253,0.939,2.197,-2.136,2.93
0.02,0.257,0.939,1.648,-1.587,3.174
0.027,0.254,0.944,0.793,-1.526,3.113
0.028,0.258,0.953,0.427,-2.014,2.991
0.029,0.264,0.958,0.305,-2.136,3.052
0.026,0.262,0.956,0.061,-1.892,2.991
0.026,0.252,0.956,0.061,-0.732,2.808
0.007,0.275,0.956,0.427,0.732,2.991
0.013,0.274,0.962,0.122,0.916,3.174
-0.337,-1.622,1.08,-68.542,-58.655,-6.592
-0.425,-1.853,1.099,-83.313,-61.646,-18.005
-0.462,-1.982,1.131,-95.52,-59.998,-32.349
-0.467,-2.013,1.158,-103.638,-55.176,-48.767
-0.434,-1.999,1.169,-107.3,-48.035,-65.43
-0.357,-1.937,1.138,-107.361,-38.33,-79.773
-0.267,-1.834,1.073,-106.079,-27.893,-90.759
-0.213,-1.675,1.007,-105.53,-17.578,-97.9
-0.207,-1.438,0.962,-103.882,-5.676,-98.694
-0.262,-1.147,0.96,-95.032,9.827,-90.149
-0.306,-0.755,0.972,-72.51,35.767,-67.749
-0.271,-0.365,0.933,-34.18,78.003,-29.663
-0.154,0.047,0.764,12.756,130.92,20.081
0.169,0.62,0.506,52.795,179.26,72.632
0.812,1.608,0.26,85.876,200.317,116.211
1.065,2.355,0.173,105.042,161.743,113.77
0.919,2.379,0.457,92.896,63.721,53.04
0.909,2.222,0.573,56.335,-21.667,-15.747
0.818,2.312,0.543,33.447,-56.641,-49.316
0.508,2.382,0.668,27.344,-53.894,-54.565
0.289,2.208,0.678,15.32,-32.654,-48.767
0.204,1.898,0.642,-4.517,-14.954,-34.119
0.135,1.61,0.633,-28.564,-11.475,-13.367
0.111,1.48,0.64,-57.678,-23.01,4.028
0.037,1.361,0.678,-88.989,-45.898,18.372
-0.032,1.24,0.714,-116.577,-65.918,32.349
-0.008,1.195,0.775,-131.104,-74.89,45.349
0.051,1.205,0.899,-128.113,-76.233,49.927
0.124,1.178,1.072,-113.464,-69.092,40.771
0.131,1.072,1.228,-90.027,-50.354,16.663
0.041,0.982,1.358,-57.251,-21.24,-9.705
-0.073,0.885,1.374,-20.752,9.338,-28.381
-0.135,0.787,1.278,11.414,31.921,-33.875
-0.175,0.705,1.122,33.63,39.917,-25.208
-0.16,0.638,0.953,42.236,34.79,-9.155
-0.094,0.578,0.806,38.818,21.423,6.714
-0.053,0.51,0.718,26.367,3.479,20.264
0.004,0.499,0.716,10.864,-10.254,29.602
0.054,0.493,0.774,-2.93,-16.602,32.349
0.105,0.471,0.866,-12.817,-16.541,26.245
0.118,0.437,0.966,-14.526,-11.414,12.207
0.105,0.423,1.046,-7.08,-1.465,-1.587
0.1,0.399,1.067,3.845,9.277,-9.338
0.124,0.332,1.033,13.55,12.207,-10.01
0.153,0.276,0.945,20.142,6.775,-3.967
0.176,0.264,0.853,22.766,-4.15,2.747
0.174,0.256,0.768,21.606,-14.526,6.47
0.138,0.281,0.71,16.357,-17.334,6.653
0.069,0.316,0.683,7.202,-13.916,3.357
0.026,0.364,0.725,-3.723,-7.385,-2.502
0.009,0.389,0.782,-13.611,0.793,-8.667
-0.017,0.42,0.865,-19.287,9.827,-15.503
-0.064,0.406,0.963,-18.982,18.066,-17.822
-0.046,0.363,1.003,-13.611,24.841,-11.169
0.008,0.333,1.007,-4.456,26.123,-0.488
0.08,0.326,0.999,5.676,19.348,7.202
0.1,0.326,0.984,13.611,8.972,9.583
0.101,0.325,0.944,18.127,1.282,8.972
0.083,0.336,0.888,18.372,-1.77,7.141
0.045,0.349,0.842,14.465,-2.441,4.15
0,0.359,0.819,7.141,-1.099,0.366
-0.037,0.359,0.842,-1.16,-0.183,-2.441
-0.02,0.371,0.892,-7.507,0.061,-2.808
-0.007,0.369,0.932,-11.292,1.343,-1.648
0.011,0.359,0.995,-11.536,2.747,0.671
0.008,0.334,1.045,-7.568,2.319,4.333
0.037,0.313,1.067,1.465,0.427,9.277
0.081,0.312,1.042,12.329,-2.136,13.245
0.088,0.307,0.99,22.217,-5.493,12.878
0.059,0.312,0.925,28.137,-7.385,9.277
0.022,0.335,0.856,27.405,-6.409,5.432
-0.023,0.341,0.819,20.935,-6.104,2.319
-0.044,0.341,0.817,12.207,-5.371,-0.122
-0.051,0.345,0.841,4.028,-1.831,-0.916
-0.038,0.345,0.894,-1.892,2.197,-0.427
-0.013,0.339,0.943,-5.31,5.493,0.977
0.003,0.34,0.996,-5.554,7.568,2.747
0.036,0.327,1.039,-2.563,8.179,3.784
0.059,0.32,1.05,4.211,8.118,2.502
0.055,0.33,1.036,11.902,7.08,0.244
0.034,0.334,1.001,16.907,5.371,-1.587
0.03,0.351,0.954,18.372,2.014,-2.625
0.008,0.362,0.911,16.602,-2.136,-2.441
-0.025,0.35,0.883,10.986,-6.042,-1.892
-0.038,0.351,0.884,5.676,-10.01,-1.343
-0.05,0.353,0.902,1.465,-11.23,0
-0.045,0.35,0.93,-0.793,-8.545,2.014
-0.031,0.348,0.953,-0.122,-3.784,4.272
-0.02,0.357,0.98,2.502,1.892,7.08
0.005,0.358,0.992,5.798,6.042,9.155
0.033,0.349,1,9.766,6.958,9.521
0.047,0.34,0.995,13.428,5.92,7.568
0.041,0.344,0.978,16.357,4.7,4.456
0.022,0.34,0.947,17.517,3.296,2.502
0.009,0.332,0.921,15.93,2.136,1.526
0.005,0.336,0.903,12.878,0.793,1.77
0.001,0.338,0.898,9.399,-1.038,2.258
-0.003,0.334,0.903,6.348,-1.831,2.991
-0.01,0.332,0.914,4.272,-1.282,5.066
-0.001,0.331,0.932,3.601,0.854,8.24
0.017,0.317,0.94,3.296,2.991,10.803
0.025,0.316,0.951,4.639,3.357,12.329
0.031,0.313,0.971,7.751,3.113,14.465
0.062,0.302,0.974,11.414,3.723,15.869
0.078,0.303,0.963,15.442,2.502,14.954
0.068,0.305,0.943,18.555,0.732,12.817
0.045,0.305,0.916,18.433,0,10.62
0.024,0.315,0.898,15.93,-0.549,9.705
0.009,0.321,0.892,13,-1.465,10.071
0.004,0.317,0.887,10.62,-2.502,10.254
-0.003,0.319,0.889,8.972,-3.479,10.071
-0.016,0.318,0.893,7.812,-3.479,10.864
-0.015,0.324,0.898,6.958,-2.93,12.329
-0.006,0.321,0.905,6.531,-2.502,13.306
-0.004,0.307,0.921,6.958,-1.526,13.611
0.008,0.308,0.933,8.301,1.404,13.977
0.048,0.3,0.946,10.498,4.517,13.428
0.059,0.275,0.95,13.184,4.822,9.46
0.051,0.27,0.947,15.259,4.7,5.066
-0.146,-1.399,1.092,-75.623,-47.607,-3.845
-0.112,-1.419,1.082,-86.914,-53.528,-9.033
-0.048,-1.344,1.068,-94.543,-56.458,-18.677
-0.011,-1.233,1.078,-96.985,-53.894,-32.898
-0.016,-1.097,1.101,-94.36,-45.41,-49.438
-0.058,-0.927,1.123,-85.266,-31.128,-63.843
-0.162,-0.768,1.192,-69.702,-12.817,-71.594
-0.279,-0.69,1.259,-50.598,7.202,-69.824
-0.3,-0.6,1.284,-27.283,26.55,-60.181
-0.282,-0.512,1.272,2.625,39.307,-44.617
-0.13,-0.345,1.145,33.63,44.189,-30.64
0.039,0.022,0.977,64.209,35.706,-24.353
0.11,0.418,0.842,89.478,29.053,-23.804
0.198,0.802,0.748,100.586,34.058,-28.625
0.156,1.039,0.725,95.337,46.326,-35.767
0.026,0.997,0.759,72.693,57.678,-37.354
-0.021,0.714,0.753,38.879,61.768,-23.804
0.029,0.569,0.669,11.353,49.377,12.817
0.17,0.623,0.572,-3.052,24.414,61.89
0.375,0.791,0.491,-11.658,2.197,106.812
0.583,0.988,0.384,-18.86,-6.958,137.878
0.788,1.228,0.326,-24.475,-18.921,148.621
0.96,1.477,0.407,-31.494,-41.87,131.348
1.051,1.778,0.426,-49.561,-49.866,90.576
0.84,2.033,0.53,-72.205,-41.077,23.071
0.396,2.054,0.856,-89.294,-23.254,-61.462
-0.017,1.901,1.095,-97.595,8.24,-133.179
-0.352,1.731,1.223,-87.891,37.598,-165.466
-0.544,1.519,1.248,-60.242,50.415,-158.936
-0.615,1.341,1.211,-29.419,50.903,-128.784
-0.62,1.221,1.19,-9.094,45.715,-88.013
-0.616,1.121,1.194,-3.235,34.973,-46.265
-0.587,1.004,1.169,-5.554,19.836,-7.935
-0.517,0.884,1.126,-6.775,-0.916,25.513
-0.39,0.749,1.066,-2.319,-23.315,51.575
-0.193,0.607,1.009,6.348,-40.527,67.322
-0.011,0.468,0.952,18.433,-45.105,71.533
0.108,0.33,0.887,33.203,-37.476,65.247
0.181,0.271,0.819,46.936,-21.545,53.406
0.194,0.229,0.769,54.321,-4.7,41.199
0.17,0.199,0.731,52.917,7.446,31.86
0.143,0.199,0.728,44.495,15.747,27.405
0.156,0.182,0.745,31.311,17.395,26.672
0.187,0.122,0.756,15.747,11.475,29.419
0.235,0.083,0.794,2.075,1.099,33.142
0.257,0.074,0.857,-5.92,-8.606,34.546
0.298,0.08,0.93,-7.202,-12.634,29.602
0.28,0.072,0.97,-1.221,-10.864,16.357
0.222,0.103,0.987,8.118,-5.249,0.977
0.154,0.139,0.96,13.672,0.732,-11.658
0.079,0.164,0.94,13.184,5.92,-20.63
0.025,0.229,0.927,8.606,7.324,-25.208
-0.023,0.277,0.927,1.465,5.554,-25.696
-0.052,0.296,0.932,-5.92,2.93,-22.339
-0.055,0.277,0.943,-12.39,1.282,-15.747
-0.044,0.231,0.94,-17.09,1.16,-6.165
-0.005,0.227,0.946,-18.005,1.221,3.235
0.043,0.232,0.974,-16.968,2.38,8.179
0.074,0.227,1.003,-14.465,6.775,6.165
0.071,0.226,1.024,-8.911,13.489,-0.916
0.044,0.243,1.021,-1.709,20.569,-7.751
0.003,0.265,1.002,3.479,24.841,-12.268
-0.017,0.283,0.984,4.883,25.269,-14.038
-0.021,0.294,0.974,3.54,23.376,-13.489
-0.025,0.295,0.981,1.343,20.508,-10.803
-0.032,0.285,0.994,-0.854,15.137,-5.737
-0.02,0.241,1.013,-2.075,4.883,1.77
0.019,0.204,1.008,-0.305,-6.226,13.306
0.078,0.212,0.987,3.052,-16.602,23.376
0.122,0.215,0.95,4.639,-23.621,26.062
0.12,0.208,0.923,3.235,-25.33,21.484
0.088,0.201,0.912,0.732,-22.705,11.963
0.032,0.193,0.909,-0.244,-16.052,0.488
-0.012,0.209,0.905,1.282,-7.141,-6.104
-0.041,0.235,0.917,1.587,1.831,-8.24
-0.047,0.243,0.936,0.122,10.681,-8.057
-0.045,0.242,0.968,-1.892,15.991,-5.554
-0.027,0.226,0.99,-2.747,16.052,-0.793
0.004,0.228,0.995,-2.014,12.512,4.639
0.031,0.227,0.996,-0.427,7.385,7.568
0.046,0.225,0.99,0.916,2.991,7.446
0.052,0.229,0.973,2.319,1.465,5.859
0.053,0.226,0.946,2.869,3.113,2.625
0.035,0.232,0.929,2.441,5.615,-1.099
0.015,0.239,0.918,0.671,7.751,-4.089
0.007,0.244,0.912,-2.075,8.667,-5.554
0,0.243,0.92,-5.432,8.118,-5.432
0,0.239,0.935,-8.911,6.958,-3.418
0.006,0.235,0.954,-10.62,3.845,0.793
0.017,0.233,0.963,-9.644,-0.61,6.836
0.043,0.242,0.962,-6.714,-3.418,10.864
0.059,0.243,0.967,-3.418,-5.859,11.475
0.056,0.239,0.966,-0.183,-6.836,10.071
0.049,0.253,0.954,3.479,-5.066,7.507
0.03,0.262,0.926,5.615,-2.991,4.272
0.002,0.262,0.911,5.188,-1.404,1.404
-0.008,0.269,0.909,2.686,0.122,-0.183
-0.008,0.277,0.927,-0.549,0.671,-0.122
-0.001,0.262,0.948,-3.296,0.916,0.916
0.003,0.26,0.958,-5.005,1.282,2.014
0.002,0.265,0.973,-4.395,0.244,3.296
0,0.261,0.98,-2.625,-1.282,5.066
0.012,0.251,0.982,-0.549,-2.197,7.08
0.028,0.251,0.981,1.892,-2.075,7.874
0.028,0.249,0.976,4.211,-0.366,7.507
0.026,0.254,0.967,5.798,1.282,6.531
0.025,0.268,0.958,6.47,1.892,5.859
0.03,0.279,0.957,5.737,1.404,5.981
0.028,0.273,0.958,4.456,0.366,5.615
0.022,0.276,0.967,4.211,0.122,5.127
0.013,0.286,0.972,5.005,0.488,5.432
0.004,0.276,0.973,5.737,1.282,6.714
0.013,0.275,0.978,6.348,1.465,8.362
0.024,0.28,0.979,6.042,0.916,10.01
0.027,0.274,0.983,4.944,-0.732,11.292
0.039,0.263,0.988,4.761,-2.808,12.39
0.054,0.256,0.985,5.554,-4.517,12.39
0.054,0.247,0.977,6.531,-5.737,11.536
0.054,0.25,0.964,6.836,-7.202,10.498
-0.024,-1.427,1.202,-71.228,-42.847,-30.273
-0.017,-1.475,1.229,-75.5,-39.246,-46.021
-0.027,-1.517,1.242,-78.857,-34.79,-61.401
-0.067,-1.523,1.252,-81.421,-31.067,-74.402
-0.116,-1.472,1.253,-82.336,-26.367,-80.383
-0.122,-1.343,1.217,-81.055,-22.461,-78.125
-0.118,-1.192,1.141,-78.125,-20.996,-70.923
-0.095,-1.022,1.036,-72.998,-19.592,-59.692
-0.057,-0.839,0.951,-65.002,-12.756,-47.302
-0.042,-0.633,0.881,-54.321,5.493,-32.471
-0.028,-0.375,0.818,-42.358,36.743,-14.771
-0.035,-0.138,0.764,-30.579,74.158,4.089
0.021,0.068,0.7,-21.301,113.953,23.437
0.137,0.235,0.646,-18.616,141.968,38.086
0.366,0.426,0.578,-24.658,138.062,42.664
0.5,0.684,0.551,-37.354,87.28,35.156
0.453,0.814,0.63,-49.438,8.301,19.592
0.539,1.159,0.619,-51.025,-57.373,6.47
0.494,1.576,0.603,-31.555,-86.853,0.488
0.315,1.763,0.679,0.61,-79.895,-2.075
0.206,1.705,0.642,26.184,-52.795,-0.244
0.234,1.555,0.484,45.166,-37.659,12.268
0.233,1.488,0.369,59.753,-48.035,30.151
0.23,1.484,0.3,61.279,-65.979,42.114
0.213,1.564,0.244,48.096,-71.838,48.523
0.147,1.669,0.209,30.151,-71.106,49.438
0.061,1.722,0.304,12.756,-71.289,43.579
-0.031,1.687,0.382,-9.155,-63.721,36.316
-0.161,1.548,0.51,-33.325,-51.208,28.442
-0.213,1.43,0.651,-54.504,-37.415,18.066
-0.264,1.292,0.772,-70.007,-21.606,10.559
-0.322,1.189,0.898,-77.209,-5.981,7.507
-0.34,1.085,1.003,-76.233,7.996,3.967
-0.328,0.978,1.078,-67.627,22.034,0.244
-0.326,0.873,1.138,-51.941,36.072,0.671
-0.301,0.797,1.192,-31.555,48.828,5.676
-0.238,0.746,1.21,-10.559,55.969,11.047
-0.141,0.705,1.214,7.935,58.228,11.292
-0.069,0.667,1.201,24.353,54.26,8.362
-0.041,0.623,1.134,35.828,43.579,6.714
-0.033,0.583,1.058,40.466,28.625,6.897
-0.031,0.522,0.999,39.49,10.986,8.911
-0.021,0.448,0.936,34.851,-5.798,12.817
-0.024,0.357,0.887,29.297,-20.935,17.883
-0.012,0.314,0.867,23.437,-31.799,21.729
0.01,0.304,0.868,18.25,-36.926,22.949
0.018,0.311,0.898,14.16,-36.682,22.339
0.024,0.299,0.932,11.902,-28.809,19.165
0.031,0.298,0.976,11.658,-16.113,13.489
0.017,0.305,1.035,14.709,-3.662,6.775
0.004,0.307,1.065,21.851,7.69,0.061
0.001,0.322,1.058,30.151,16.785,-5.188
-0.013,0.317,1.009,35.278,21.301,-9.216
-0.017,0.305,0.945,33.508,21.667,-11.658
-0.031,0.308,0.88,25.269,17.761,-12.268
-0.033,0.287,0.861,13.977,9.583,-12.817
-0.057,0.268,0.839,2.258,0.916,-13.306
-0.068,0.292,0.861,-8.423,-2.625,-13.306
-0.092,0.3,0.899,-15.015,-3.052,-11.414
-0.104,0.326,0.939,-17.395,-1.221,-7.69
-0.104,0.334,0.986,-15.625,1.892,-3.906
-0.069,0.324,1.013,-10.742,6.653,-1.648
-0.049,0.308,1.025,-4.089,12.146,-2.136
-0.041,0.302,1.015,3.662,16.541,-4.272
-0.031,0.301,0.987,10.254,19.409,-5.676
-0.008,0.309,0.946,13.794,19.47,-5.554
-0.002,0.288,0.895,12.939,16.174,-5.066
-0.007,0.276,0.846,7.996,10.559,-4.944
-0.023,0.283,0.827,0.977,3.54,-5.066
-0.044,0.285,0.824,-6.592,-3.418,-5.371
-0.07,0.298,0.841,-12.939,-7.874,-5.188
-0.086,0.335,0.883,-16.846,-10.498,-4.395
-0.08,0.348,0.949,-17.273,-9.399,-2.319
-0.038,0.343,1.01,-13.306,-3.845,0.427
-0.015,0.319,1.043,-5.066,3.113,0.854
0,0.316,1.048,5.859,9.033,-0.61
-0.005,0.313,1.026,15.076,12.024,-1.892
-0.018,0.295,0.983,21.301,11.169,-2.014
-0.018,0.295,0.927,23.437,8.057,-1.099
-0.026,0.306,0.87,20.203,3.723,0.122
-0.049,0.3,0.849,11.658,-1.343,-0.244
-0.069,0.286,0.85,2.38,-4.761,-1.038
-0.073,0.295,0.873,-4.456,-6.409,-1.221
-0.065,0.316,0.908,-8.606,-5.737,-0.549
-0.056,0.314,0.954,-10.62,-2.991,1.404
-0.028,0.31,0.997,-8.728,1.221,4.089
0,0.309,1.025,-3.479,6.042,5.554
0.011,0.297,1.029,4.395,8.85,5.127
0.003,0.298,1.006,12.39,9.155,4.456
-0.004,0.305,0.971,17.7,7.69,4.395
-0.02,0.301,0.926,18.982,4.395,4.517
-0.032,0.299,0.89,16.541,0.488,4.7
-0.034,0.302,0.865,11.047,-3.479,4.578
-0.035,0.298,0.867,3.662,-7.996,4.7
-0.034,0.292,0.889,-2.197,-10.193,5.066
-0.027,0.29,0.909,-5.493,-7.324,5.188
-0.024,0.294,0.933,-5.981,-3.723,5.31
-0.014,0.291,0.953,-4.089,-1.221,5.859
0.001,0.29,0.958,-1.465,1.282,5.981
0.003,0.286,0.958,1.526,3.54,5.249
0,0.288,0.947,4.211,4.517,4.883
-0.006,0.295,0.936,5.859,3.479,5.066
-0.004,0.297,0.925,5.249,1.16,5.371
0,0.294,0.918,3.296,-0.61,5.676
0.004,0.297,0.916,0.916,-1.892,5.249
0.011,0.293,0.923,-1.16,-2.686,3.784
0.009,0.297,0.93,-2.136,-2.808,2.258
0.005,0.304,0.937,-2.869,-1.953,0.488
-0.004,0.307,0.949,-3.052,-0.244,-0.793
-0.016,0.309,0.962,-2.441,2.258,-1.099
-0.014,0.313,0.972,-0.183,4.7,-0.732
-0.012,0.311,0.971,2.441,5.188,0.244
-0.01,0.306,0.966,4.822,4.333,1.526
-0.012,0.303,0.952,6.287,3.052,2.625
-0.011,0.302,0.939,6.775,0.916,3.296
-0.01,0.318,0.932,6.775,-1.16,3.845
-0.018,0.32,0.929,5.188,-1.709,4.456
-0.016,0.315,0.929,3.967,-1.16,4.761
-0.015,0.311,0.931,3.296,0.488,4.456
-0.282,-1.541,1.129,-52.429,-44.067,-10.01
-0.325,-1.849,1.145,-68.848,-53.101,-13.428
-0.311,-2.083,1.148,-87.036,-59.998,-17.944
-0.231,-2.192,1.157,-104.065,-62.256,-25.269
-0.082,-2.094,1.151,-116.272,-58.838,-37.537
0.042,-1.856,1.169,-119.629,-52.979,-56.763
0.175,-1.549,1.143,-112.305,-43.457,-77.881
0.268,-1.19,1.091,-96.68,-29.724,-95.764
0.244,-0.817,1.07,-77.637,-13.184,-107.056
0.183,-0.452,1.077,-55.725,4.517,-108.704
0.103,-0.109,1.086,-29.724,24.353,-100.525
-0.029,0.209,1.065,-0.671,43.884,-83.069
-0.027,0.474,1.071,26.672,61.157,-58.044
0.015,0.659,0.96,41.077,59.204,-36.194
0.034,0.769,0.891,47.424,32.349,-23.804
0.085,0.815,0.786,49.866,3.906,-12.695
0.22,1.041,0.582,50.659,-12.085,2.014
0.228,1.359,0.503,58.96,-17.334,19.226
0.13,1.532,0.487,67.017,-3.845,37.903
0.159,1.672,0.495,69.519,25.33,57.007
0.147,1.7,0.552,65.918,56.274,76.904
0.103,1.63,0.554,50.171,77.759,93.384
0.082,1.477,0.557,26.428,74.768,101.196
0.104,1.319,0.603,4.761,43.091,98.877
0.165,1.259,0.677,-11.78,6.836,89.661
0.277,1.303,0.782,-25.33,-10.498,80.322
0.422,1.321,0.857,-38.635,-11.414,66.04
0.42,1.303,0.944,-50.415,-7.874,38.086
0.266,1.199,1.078,-56.152,-0.916,3.906
0.14,1.071,1.178,-54.382,12.756,-24.231
0.064,0.981,1.19,-45.593,22.583,-40.283
-0.006,0.941,1.174,-31.86,22.339,-47.546
-0.084,0.886,1.143,-20.203,15.991,-49.377
-0.132,0.817,1.096,-14.465,8.362,-45.959
-0.182,0.742,1.042,-12.512,-1.77,-36.56
-0.224,0.686,1.019,-10.01,-12.817,-22.278
-0.205,0.658,1.005,-7.263,-22.095,-6.714
-0.176,0.628,0.981,-5.188,-27.161,5.981
-0.146,0.57,0.952,-4.761,-26.306,15.198
-0.083,0.495,0.955,-5.188,-20.813,19.775
0.019,0.423,0.968,-4.089,-14.099,20.142
0.085,0.36,0.958,0.305,-8.362,17.395
0.094,0.333,0.97,7.935,-4.639,13.367
0.091,0.306,0.968,15.747,-0.488,10.376
0.08,0.283,0.941,21.912,5.005,9.216
0.056,0.28,0.92,25.33,9.338,9.338
0.036,0.278,0.909,26.55,12.878,10.315
0.022,0.264,0.893,26.062,14.954,12.268
0.033,0.244,0.889,25.208,13.428,15.259
0.063,0.217,0.882,22.278,9.399,19.653
0.118,0.196,0.882,17.151,4.639,23.926
0.194,0.162,0.894,11.902,0.732,25.757
0.256,0.14,0.899,7.996,-1.892,20.935
0.25,0.127,0.909,6.775,-2.686,9.216
0.212,0.126,0.912,6.226,-0.488,-2.869
0.16,0.156,0.893,4.761,2.991,-12.756
0.093,0.187,0.883,1.221,5.798,-20.874
0.021,0.232,0.9,-2.625,8.362,-25.452
-0.049,0.273,0.945,-5.127,10.193,-24.78
-0.077,0.252,0.984,-5.127,11.963,-18.982
-0.038,0.232,0.993,-1.709,12.634,-9.766
0.013,0.215,0.992,4.028,10.803,0.488
0.116,0.192,0.984,7.751,6.287,7.019
0.227,0.167,0.971,9.827,-0.305,4.761
0.279,0.141,0.948,12.695,-4.456,-7.202
0.242,0.125,0.907,18.005,-5.127,-23.865
0.151,0.137,0.869,22.461,-1.587,-36.804
0.078,0.183,0.839,21.79,5.859,-41.87
0.019,0.214,0.826,15.015,12.329,-41.382
-0.027,0.234,0.857,6.104,13.855,-37.354
-0.086,0.27,0.9,-1.648,10.254,-29.48
-0.104,0.276,0.976,-5.92,6.042,-17.944
-0.084,0.254,0.995,-7.568,1.709,-3.418
-0.044,0.259,0.998,-6.775,-2.869,10.498
0.003,0.258,1.001,-4.272,-6.165,20.935
0.036,0.244,1.002,-0.854,-7.324,24.902
0.055,0.237,0.998,5.188,-5.554,24.048
0.062,0.256,0.975,12.39,-1.526,20.447
0.047,0.26,0.949,16.235,4.944,14.954
0.032,0.254,0.934,15.625,10.01,9.216
0.039,0.223,0.917,11.658,10.864,6.165
0.042,0.203,0.893,6.104,7.202,7.141
0.05,0.195,0.896,0.671,0.732,9.277
0.058,0.201,0.911,-4.089,-5.005,11.353
0.052,0.187,0.935,-7.812,-9.766,13.062
0.073,0.189,0.957,-8.972,-12.268,14.465
0.088,0.196,0.979,-7.69,-13,13.55
0.086,0.188,0.985,-4.211,-10.254,9.277
0.08,0.187,0.973,0.122,-4.272,5.066
0.069,0.187,0.946,3.174,1.16,2.319
0.065,0.2,0.919,2.747,4.395,0.916
0.06,0.202,0.908,-0.732,5.31,-0.244
0.058,0.204,0.907,-6.165,4.7,-0.916
0.048,0.217,0.917,-11.047,2.258,-0.671
0.041,0.225,0.93,-14.343,-0.061,0.305
0.042,0.237,0.934,-16.479,-1.77,1.892
0.043,0.241,0.936,-17.578,-2.93,3.54
0.045,0.245,0.94,-17.517,-3.967,4.822
0.054,0.247,0.953,-15.93,-3.54,5.066
0.063,0.251,0.961,-13.123,-0.916,3.906
0.073,0.264,0.967,-10.132,3.54,2.197
0.07,0.265,0.961,-7.874,7.202,-0.427
0.065,0.265,0.956,-6.775,9.155,-2.808
0.065,0.267,0.944,-6.836,9.338,-3.906
0.053,0.257,0.926,-8.118,7.751,-4.028
0.039,0.241,0.92,-9.827,4.578,-3.54
0.032,0.236,0.929,-11.108,0.854,-2.258
0.038,0.251,0.944,-11.536,-1.282,0.427
0.044,0.26,0.96,-11.23,-2.686,4.028
0.054,0.263,0.971,-9.766,-3.723,7.568
0.067,0.272,0.98,-7.507,-3.784,10.742
0.076,0.284,0.982,-5.249,-3.662,13.306
0.081,0.285,0.984,-4.028,-4.7,14.893
0.094,0.28,0.988,-3.235,-6.531,14.587
0.1,0.271,0.987,-2.075,-7.629,11.719
0.092,0.275,0.981,-0.488,-7.019,8.728
0.077,0.284,0.967,0.122,-5.493,6.714
0.069,0.29,0.958,-0.549,-5.249,5.676
0.066,0.294,0.943,-2.136,-6.042,5.859
0.385,1.619,0.767,45.532,2.075,23.315
0.309,1.63,0.717,50.781,27.039,31.006
0.2,1.493,0.618,35.767,43.213,37.109
0.145,1.357,0.6,13.123,35.95,43.945
0.151,1.256,0.626,-13.123,5.615,47.18
0.165,1.126,0.709,-35.156,-34.058,35.828
0.121,0.998,0.795,-43.701,-66.528,18.799
0.124,0.962,0.841,-39.063,-76.355,7.507
0.106,0.932,0.872,-24.292,-69.519,3.174
0.057,0.905,0.867,-7.141,-51.208,1.953
0.029,0.872,0.86,5.92,-25.94,-0.671
-0.034,0.792,0.861,11.658,-1.648,-2.747
-0.055,0.804,0.84,8.789,17.639,-2.258
-0.036,0.782,0.847,1.587,26.123,2.686
-0.006,0.736,0.884,-8.24,24.78,8.911
0.018,0.669,0.93,-18.25,19.165,12.939
0.083,0.591,0.985,-22.278,11.597,10.742
0.097,0.539,1.025,-19.409,2.869,3.479
0.057,0.518,1.059,-12.573,-2.014,-2.502
0.024,0.494,1.069,-5.554,-1.648,-5.249
0.002,0.465,1.056,0.916,-0.305,-4.395
0.005,0.442,1.036,6.165,-0.366,-1.343
0.023,0.416,1.002,8.423,-2.625,1.831
0.029,0.392,0.975,7.812,-6.226,4.272
0.049,0.391,0.962,5.005,-9.827,5.676
0.067,0.396,0.949,0.122,-10.986,5.798
0.061,0.375,0.945,-5.127,-11.292,2.686
0.038,0.373,0.942,-8.301,-10.864,-2.014
-0.007,0.365,0.947,-8.301,-7.507,-4.639
-0.028,0.343,0.942,-5.737,-2.93,-4.639
-0.034,0.325,0.935,-1.343,1.77,-3.174
-0.033,0.313,0.936,3.662,6.226,-0.122
-0.02,0.304,0.932,7.324,8.301,3.601
-0.003,0.283,0.927,8.789,7.69,6.958
0.021,0.276,0.908,8.301,5.493,9.277
0.049,0.269,0.897,5.737,1.404,9.766
0.089,0.258,0.899,1.221,-1.282,7.08
0.097,0.245,0.905,-2.747,-2.502,0.122
0.073,0.243,0.912,-5.798,-1.953,-6.958
0.049,0.265,0.912,-8.789,-0.488,-12.695
0.014,0.288,0.933,-11.536,1.404,-16.479
-0.048,0.294,0.971,-12.024,2.869,-17.7
-0.089,0.288,1.001,-9.338,4.272,-13.672
-0.078,0.299,1.001,-4.883,3.052,-5.737
-0.06,0.303,0.984,-1.282,-1.038,3.296
-0.047,0.294,0.968,0.61,-5.066,10.742
-0.029,0.288,0.96,1.587,-8.118,15.564
-0.009,0.281,0.957,2.502,-9.644,16.907
0.019,0.273,0.959,3.296,-8.301,15.625
0.04,0.264,0.953,4.15,-5.249,10.864
0.037,0.265,0.948,4.395,-2.808,4.883
0.019,0.267,0.944,2.502,-1.16,0.61
-0.004,0.259,0.939,-0.977,-0.732,-1.465
-0.022,0.257,0.943,-3.784,-0.732,-2.625
-0.042,0.264,0.959,-4.822,-0.244,-2.991
-0.066,0.262,0.972,-4.15,0.244,-2.075
-0.076,0.258,0.982,-1.953,0.061,0.732
-0.062,0.272,0.976,0.916,0.305,5.31
-0.041,0.28,0.978,2.747,-0.183,9.033
-0.014,0.286,0.98,3.723,-1.038,10.742
-0.001,0.288,0.973,4.15,-0.854,9.705
0.001,0.288,0.97,4.395,1.282,6.287
-0.005,0.28,0.966,4.272,3.845,2.625
-0.008,0.275,0.959,3.845,5.859,-0.122
-0.007,0.268,0.952,3.967,7.141,-1.404
-0.012,0.264,0.946,4.761,7.874,-2.38
-0.023,0.27,0.942,5.493,7.935,-2.197
-0.032,0.272,0.943,4.883,6.287,-1.221
-0.035,0.271,0.952,2.808,3.601,0.549
-0.023,0.271,0.957,0.916,-0.549,2.808
-0.003,0.276,0.972,0.244,-4.272,5.127
0.017,0.268,0.962,0.305,-5.981,6.775
0.015,0.254,0.949,1.282,-5.432,7.08
0.008,0.256,0.931,2.808,-3.601,6.409
0.002,0.257,0.922,3.174,-1.648,4.883
0,0.251,0.912,2.075,-0.122,3.723
-0.003,0.246,0.915,0.305,1.282,2.869
0,0.249,0.933,-1.099,3.418,2.38
0.004,0.245,0.953,-1.404,4.883,1.709
0.003,0.246,0.973,0.061,5.981,1.465
0.009,0.253,0.984,2.625,6.287,1.526
0.021,0.255,0.982,5.005,5.554,2.075
0.03,0.255,0.968,6.409,3.662,2.075
0.033,0.263,0.953,6.775,1.465,1.709
0.024,0.258,0.932,5.676,0.061,1.038
0.012,0.26,0.923,2.93,-0.793,0.305
-0.001,0.26,0.921,0.122,-2.075,0.183
-0.003,0.258,0.925,-2.502,-3.357,0.305
0.005,0.262,0.938,-4.211,-3.845,0.732
0.001,0.265,0.952,-4.272,-2.93,0.427
-0.002,0.269,0.962,-2.563,-1.038,0.305
-0.006,0.276,0.964,-0.183,0.61,1.099
-0.003,0.285,0.959,2.563,1.892,2.563
-0.004,0.286,0.952,4.456,2.441,3.723
-0.013,0.279,0.941,5.432,1.221,4.822
-0.012,0.277,0.934,5.554,-0.793,6.226
0.001,0.278,0.927,4.883,-2.808,7.629
0.006,0.271,0.925,3.906,-3.845,7.446
0.005,0.275,0.927,3.113,-3.479,6.409
0.008,0.28,0.937,2.502,-2.686,5.371
0.007,0.277,0.943,2.136,-1.831,4.578
-0.002,0.271,0.952,2.563,-0.732,4.333
-0.009,0.259,0.951,3.601,0.122,4.7
-0.015,0.25,0.946,4.456,0.122,5.981
-0.011,0.256,0.942,4.822,-0.671,7.568
-0.011,0.267,0.938,4.883,-1.77,9.033
-0.009,0.269,0.936,4.639,-2.502,10.376
-0.001,0.279,0.933,3.967,-3.357,11.597
0,0.29,0.935,3.052,-4.028,12.207
0.002,0.297,0.944,1.648,-4.7,12.451
0.001,0.294,0.948,0.488,-5.92,10.925
0,0.305,0.956,0.427,-6.958,8.667
-0.013,0.312,0.958,0.793,-6.531,5.981
-0.023,0.321,0.959,1.953,-4.7,4.333
-0.037,0.322,0.962,3.662,-1.343,3.54
-0.046,0.329,0.962,6.226,4.517,4.089
-0.051,0.336,0.955,9.033,9.399,5.92
-0.053,0.328,0.947,11.047,10.498,8.667
-0.05,0.328,0.938,11.536,9.277,11.597
0.068,-1.339,1.143,-57.617,-35.889,-74.341
0.083,-1.306,1.161,-56.274,-26.062,-95.886
0.082,-1.265,1.178,-55.908,-15.564,-114.014
0.043,-1.221,1.177,-57.434,-6.592,-125.671
0.008,-1.144,1.158,-60.12,-2.075,-132.324
-0.015,-1.04,1.129,-63.904,-1.526,-134.644
-0.08,-0.917,1.122,-67.261,-3.784,-131.836
-0.156,-0.82,1.105,-68.787,-7.812,-122.925
-0.199,-0.681,1.055,-65.002,-12.146,-106.812
-0.2,-0.519,1.007,-53.955,-15.015,-83.923
-0.2,-0.33,0.951,-38.818,-11.658,-54.688
-0.148,-0.086,0.881,-18.555,0.488,-20.447
-0.056,0.155,0.82,6.409,18.921,14.648
0.072,0.454,0.82,31.982,37.903,51.941
0.232,0.756,0.763,52.979,47.974,83.252
0.455,1.106,0.748,69.458,47.729,99.731
0.569,1.338,0.756,79.224,45.166,97.717
0.6,1.342,0.718,75.745,32.471,69.031
0.622,1.146,0.657,69.641,6.775,26.245
0.514,1,0.537,67.993,-11.78,0.977
0.375,1.009,0.466,64.026,-9.705,-1.343
0.296,1.064,0.404,50.842,2.197,6.531
0.252,1.123,0.43,24.048,4.211,16.418
0.246,1.196,0.485,-11.475,-4.089,24.17
0.195,1.297,0.626,-44.8,-14.832,29.297
0.13,1.336,0.825,-69.458,-20.325,26.733
0.099,1.34,1.047,-78.003,-20.264,13.55
0.089,1.256,1.212,-67.322,-18.494,-5.066
0.032,1.151,1.292,-42.48,-14.16,-21.484
-0.042,1.032,1.264,-13.489,-6.287,-28.87
-0.057,0.908,1.118,9.827,2.686,-26.855
-0.09,0.838,0.973,22.766,8.545,-18.677
-0.099,0.808,0.876,20.569,12.939,-11.23
-0.119,0.744,0.855,2.991,13.489,-7.019
-0.136,0.684,0.894,-20.203,7.263,-2.93
-0.126,0.638,0.965,-38.025,-3.235,2.686
-0.083,0.583,1.054,-46.082,-12.085,6.348
-0.063,0.529,1.137,-41.687,-15.137,4.883
-0.066,0.51,1.211,-26.367,-10.193,1.526
-0.067,0.5,1.232,-5.615,-0.61,1.221
-0.051,0.458,1.169,14.343,7.019,5.493
-0.029,0.405,1.091,29.114,11.169,11.169
0,0.36,0.994,36.499,10.559,17.456
0.017,0.332,0.911,35.889,5.737,21.851
0.024,0.306,0.867,27.71,-0.549,23.804
0.063,0.293,0.866,15.747,-5.981,21.24
0.069,0.286,0.892,4.517,-10.559,14.404
0.047,0.233,0.926,-2.38,-11.597,3.479
0.013,0.19,0.955,-2.869,-6.348,-4.639
-0.009,0.188,0.973,1.953,0.854,-7.568
-0.006,0.195,0.986,7.812,6.531,-6.409
0.014,0.201,0.984,11.414,8.789,-2.319
0.05,0.207,0.986,12.085,7.812,2.625
0.083,0.2,0.968,10.01,4.456,6.836
0.071,0.172,0.946,7.446,0.061,9.399
0.088,0.167,0.901,4.578,-3.174,9.521
0.061,0.167,0.882,0.793,-6.47,8.789
0.03,0.15,0.861,-3.113,-7.568,6.897
0.04,0.155,0.871,-6.226,-4.639,2.441
0.032,0.17,0.89,-7.385,-0.671,-2.563
0.015,0.173,0.924,-8.118,4.395,-5.432
-0.006,0.177,0.961,-6.775,7.935,-5.432
-0.019,0.17,0.98,-3.174,7.996,-2.502
0.001,0.172,0.992,1.892,6.897,2.38
0.021,0.193,0.976,6.714,5.676,7.69
0.028,0.215,0.976,9.155,4.578,10.01
0.046,0.22,0.955,8.667,2.991,9.033
0.042,0.215,0.942,6.897,0.671,6.165
0.034,0.212,0.945,4.333,-1.038,3.784
0.027,0.203,0.954,1.038,-1.953,2.991
0.041,0.187,0.954,-2.014,-2.686,0.732
0.019,0.181,0.971,-2.991,-4.578,-1.526
-0.004,0.187,0.981,-2.808,-5.31,-2.563
-0.032,0.187,0.997,-2.075,-6.348,-1.587
-0.047,0.2,1.002,0.305,-6.714,0.977
-0.031,0.201,1.013,4.639,-4.883,4.211
-0.031,0.202,1.012,8.545,-5.127,9.583
-0.008,0.206,0.993,10.864,-7.568,14.771
0.006,0.201,0.976,10.681,-11.047,18.433
0.018,0.204,0.967,8.118,-13.367,19.592
0.018,0.191,0.958,5.127,-15.259,16.663
0.002,0.188,0.948,3.235,-15.198,12.817
-0.006,0.198,0.949,2.197,-12.939,9.705
-0.014,0.195,0.958,1.404,-9.583,7.507
-0.018,0.188,0.962,0.977,-6.714,5.859
-0.025,0.183,0.974,0.793,-5.31,5.005
-0.039,0.175,0.994,0.854,-5.798,6.226
-0.04,0.163,1.001,2.136,-7.996,9.399
-0.036,0.163,0.998,4.7,-10.071,12.634
-0.002,0.166,0.979,7.446,-7.446,15.259
0.017,0.166,0.95,9.827,-4.028,15.808
0.03,0.162,0.929,11.414,-1.587,14.221
0.025,0.156,0.911,9.827,2.441,11.353
0.025,0.162,0.92,5.676,6.47,8.667
0.042,0.161,0.906,-1.16,6.897,6.775
0.029,0.158,0.91,-8.057,2.258,4.272
0.011,0.158,0.92,-12.756,-2.197,0.732
-0.008,0.16,0.93,-15.808,-4.456,-2.014
-0.021,0.169,0.94,-16.968,-6.409,-2.502
-0.031,0.177,0.962,-15.747,-7.324,-1.587
-0.027,0.18,0.96,-12.268,-5.737,-0.854
0,0.207,0.955,-6.958,-4.822,-1.526
-0.001,0.226,0.944,-3.052,-3.601,-2.441
-0.004,0.243,0.938,-2.93,-2.441,-3.601
-0.015,0.258,0.943,-6.226,-2.502,-4.15
-0.025,0.248,0.956,-10.986,-2.808,-3.723
-0.023,0.243,0.958,-14.343,-2.502,-3.906
-0.024,0.24,0.971,-14.709,-2.319,-5.554
-0.038,0.232,0.981,-13.367,-0.61,-7.507
-0.047,0.223,0.99,-10.986,1.709,-7.263
-0.046,0.221,0.995,-7.751,4.028,-5.371
-0.043,0.208,1.003,-5.432,5.371,-3.54
-0.039,0.201,1.021,-3.357,6.165,-1.099
-0.019,0.208,1.035,-1.16,5.127,1.526
-0.014,0.214,1.036,0.549,3.174,2.93
-0.004,0.226,1.039,2.563,1.831,3.174
0.004,0.211,1.046,4.7,1.709,2.625
0.001,0.213,1.02,5.615,2.93,1.526
0.007,0.213,1.01,7.202,4.028,0.671
